transaction_id,timestamp,amount_sar,payment_method
biz_0493-000006,2024-10-01 08:48:02,21.71,mada
biz_0493-000015,2024-10-01 09:40:02,34.14,mada
biz_0493-000009,2024-10-01 10:04:35,28.02,cash
biz_0493-000014,2024-10-01 11:24:49,23.89,mada
biz_0493-000001,2024-10-01 12:03:24,20.18,cash
biz_0493-000010,2024-10-01 12:33:08,33.62,mada
biz_0493-000005,2024-10-01 12:42:04,21.78,cash
biz_0493-000008,2024-10-01 12:49:54,26.61,credit_card
biz_0493-000002,2024-10-01 13:02:39,24.11,cash
biz_0493-000012,2024-10-01 13:59:44,40.1,mada
biz_0493-000013,2024-10-01 15:09:25,29.64,mada
biz_0493-000007,2024-10-01 18:14:56,18.4,cash
biz_0493-000016,2024-10-01 18:54:00,39.19,mada
biz_0493-000011,2024-10-01 18:55:07,50.94,cash
biz_0493-000004,2024-10-01 19:14:42,13.96,credit_card
biz_0493-000003,2024-10-01 19:48:03,18.42,cash
biz_0493-000028,2024-10-02 09:27:03,44.65,mada
biz_0493-000030,2024-10-02 09:48:11,31.52,mada
biz_0493-000020,2024-10-02 10:03:58,22.64,cash
biz_0493-000024,2024-10-02 10:08:23,14.88,mada
biz_0493-000032,2024-10-02 10:11:38,31.78,credit_card
biz_0493-000034,2024-10-02 10:39:39,18.95,mada
biz_0493-000033,2024-10-02 11:05:43,39.97,cash
biz_0493-000029,2024-10-02 11:12:53,27.07,mada
biz_0493-000043,2024-10-02 11:14:37,12.85,mada
biz_0493-000036,2024-10-02 12:47:29,23.82,mada
biz_0493-000037,2024-10-02 13:33:36,16.93,cash
biz_0493-000035,2024-10-02 14:56:18,29.17,mada
biz_0493-000023,2024-10-02 15:22:16,20.3,mada
biz_0493-000018,2024-10-02 15:43:49,42.06,mada
biz_0493-000041,2024-10-02 15:47:04,39.96,credit_card
biz_0493-000025,2024-10-02 15:50:32,33.66,mada
biz_0493-000042,2024-10-02 16:04:19,10.94,credit_card
biz_0493-000038,2024-10-02 16:40:08,52.78,cash
biz_0493-000039,2024-10-02 17:02:30,14.26,cash
biz_0493-000040,2024-10-02 17:27:27,33.85,mada
biz_0493-000019,2024-10-02 18:05:32,49.34,cash
biz_0493-000017,2024-10-02 18:50:21,17.28,mada
biz_0493-000022,2024-10-02 18:51:09,43.0,mada
biz_0493-000027,2024-10-02 19:57:22,31.27,cash
biz_0493-000031,2024-10-02 20:07:01,21.51,mada
biz_0493-000021,2024-10-02 20:14:30,24.81,cash
biz_0493-000026,2024-10-02 21:23:05,23.28,cash
biz_0493-000056,2024-10-03 09:39:39,44.13,credit_card
biz_0493-000049,2024-10-03 10:01:49,24.81,mada
biz_0493-000052,2024-10-03 10:40:27,17.02,mada
biz_0493-000050,2024-10-03 11:57:44,24.43,cash
biz_0493-000058,2024-10-03 12:50:22,34.91,mada
biz_0493-000048,2024-10-03 13:30:36,24.09,credit_card
biz_0493-000059,2024-10-03 14:17:08,18.33,cash
biz_0493-000045,2024-10-03 14:37:52,30.55,mada
biz_0493-000053,2024-10-03 14:58:43,14.78,cash
biz_0493-000054,2024-10-03 15:23:40,28.56,cash
biz_0493-000057,2024-10-03 15:29:55,45.9,mada
biz_0493-000044,2024-10-03 17:26:45,42.81,mada
biz_0493-000055,2024-10-03 18:02:51,31.3,mada
biz_0493-000051,2024-10-03 18:49:54,17.19,cash
biz_0493-000046,2024-10-03 18:55:10,45.62,mada
biz_0493-000047,2024-10-03 19:52:26,18.23,cash
biz_0493-000077,2024-10-04 09:17:37,39.78,mada
biz_0493-000071,2024-10-04 10:11:49,17.24,mada
biz_0493-000081,2024-10-04 10:33:28,24.56,cash
biz_0493-000072,2024-10-04 10:36:05,22.36,mada
biz_0493-000076,2024-10-04 11:26:32,22.7,mada
biz_0493-000075,2024-10-04 11:43:37,17.72,mada
biz_0493-000079,2024-10-04 12:21:48,44.53,cash
biz_0493-000067,2024-10-04 12:26:24,53.94,mada
biz_0493-000066,2024-10-04 12:28:25,30.45,mada
biz_0493-000078,2024-10-04 13:16:47,13.19,cash
biz_0493-000065,2024-10-04 13:34:42,29.18,cash
biz_0493-000068,2024-10-04 13:48:52,15.93,cash
biz_0493-000069,2024-10-04 14:22:57,42.86,cash
biz_0493-000062,2024-10-04 14:33:52,39.18,mada
biz_0493-000074,2024-10-04 14:56:34,34.05,mada
biz_0493-000063,2024-10-04 15:10:43,26.88,mada
biz_0493-000070,2024-10-04 15:38:13,41.22,cash
biz_0493-000064,2024-10-04 16:47:10,18.94,cash
biz_0493-000084,2024-10-04 16:50:07,20.63,credit_card
biz_0493-000082,2024-10-04 17:04:11,36.31,mada
biz_0493-000060,2024-10-04 17:24:23,27.06,mada
biz_0493-000073,2024-10-04 17:47:51,22.9,credit_card
biz_0493-000080,2024-10-04 18:31:22,32.07,mada
biz_0493-000061,2024-10-04 19:59:20,25.32,cash
biz_0493-000083,2024-10-04 21:28:36,28.12,cash
biz_0493-000098,2024-10-05 08:53:14,61.14,mada
biz_0493-000097,2024-10-05 09:31:46,18.6,cash
biz_0493-000090,2024-10-05 09:46:49,28.53,cash
biz_0493-000102,2024-10-05 09:49:44,12.59,mada
biz_0493-000088,2024-10-05 10:38:02,48.25,mada
biz_0493-000099,2024-10-05 10:52:38,36.05,mada
biz_0493-000096,2024-10-05 11:08:11,19.84,mada
biz_0493-000092,2024-10-05 11:37:35,18.93,cash
biz_0493-000103,2024-10-05 12:13:30,17.64,cash
biz_0493-000094,2024-10-05 12:17:30,30.84,cash
biz_0493-000086,2024-10-05 12:33:26,11.23,credit_card
biz_0493-000100,2024-10-05 12:53:27,36.51,mada
biz_0493-000105,2024-10-05 13:15:13,22.87,mada
biz_0493-000101,2024-10-05 13:33:53,20.99,cash
biz_0493-000104,2024-10-05 13:39:14,18.02,credit_card
biz_0493-000095,2024-10-05 14:49:05,14.49,cash
biz_0493-000089,2024-10-05 15:33:57,24.05,mada
biz_0493-000087,2024-10-05 15:51:22,42.3,cash
biz_0493-000093,2024-10-05 17:08:32,27.56,mada
biz_0493-000091,2024-10-05 17:16:26,24.71,mada
biz_0493-000106,2024-10-05 18:19:05,20.98,cash
biz_0493-000085,2024-10-05 18:37:52,23.33,mada
biz_0493-000125,2024-10-06 09:32:08,22.43,mada
biz_0493-000108,2024-10-06 09:48:29,18.61,mada
biz_0493-000127,2024-10-06 10:17:05,22.76,cash
biz_0493-000107,2024-10-06 10:21:14,25.72,credit_card
biz_0493-000109,2024-10-06 10:58:47,29.54,mada
biz_0493-000120,2024-10-06 11:49:52,24.04,cash
biz_0493-000114,2024-10-06 11:53:00,15.8,cash
biz_0493-000123,2024-10-06 11:54:23,19.17,mada
biz_0493-000119,2024-10-06 13:13:59,22.14,cash
biz_0493-000111,2024-10-06 14:03:48,13.39,mada
biz_0493-000126,2024-10-06 14:22:25,27.96,cash
biz_0493-000112,2024-10-06 14:33:35,21.0,mada
biz_0493-000128,2024-10-06 15:01:29,13.48,cash
biz_0493-000117,2024-10-06 15:07:07,49.55,cash
biz_0493-000122,2024-10-06 15:34:23,16.65,credit_card
biz_0493-000116,2024-10-06 15:35:47,19.88,cash
biz_0493-000118,2024-10-06 15:57:44,23.11,mada
biz_0493-000113,2024-10-06 17:10:51,23.03,cash
biz_0493-000124,2024-10-06 17:21:48,24.71,mada
biz_0493-000115,2024-10-06 18:02:08,31.77,mada
biz_0493-000121,2024-10-06 19:40:06,13.96,cash
biz_0493-000110,2024-10-06 20:09:19,31.0,mada
biz_0493-000138,2024-10-07 09:03:16,29.91,cash
biz_0493-000144,2024-10-07 10:06:23,13.71,cash
biz_0493-000140,2024-10-07 10:19:08,24.24,credit_card
biz_0493-000152,2024-10-07 10:25:57,28.84,mada
biz_0493-000141,2024-10-07 10:33:14,15.4,cash
biz_0493-000150,2024-10-07 10:42:51,26.84,mada
biz_0493-000155,2024-10-07 10:43:25,20.99,mada
biz_0493-000134,2024-10-07 10:47:59,28.39,mada
biz_0493-000130,2024-10-07 11:39:43,26.0,cash
biz_0493-000129,2024-10-07 12:15:55,27.87,mada
biz_0493-000137,2024-10-07 12:17:11,26.77,cash
biz_0493-000139,2024-10-07 12:24:12,17.65,cash
biz_0493-000154,2024-10-07 12:26:03,42.98,cash
biz_0493-000149,2024-10-07 12:36:32,23.72,cash
biz_0493-000132,2024-10-07 12:46:22,34.2,cash
biz_0493-000153,2024-10-07 12:51:28,21.66,mada
biz_0493-000142,2024-10-07 13:06:17,51.98,cash
biz_0493-000135,2024-10-07 13:10:24,32.6,mada
biz_0493-000133,2024-10-07 13:55:21,33.65,cash
biz_0493-000148,2024-10-07 15:30:01,28.27,mada
biz_0493-000131,2024-10-07 15:34:12,21.71,mada
biz_0493-000146,2024-10-07 16:29:26,17.09,mada
biz_0493-000145,2024-10-07 16:44:59,13.69,credit_card
biz_0493-000147,2024-10-07 17:32:02,30.4,mada
biz_0493-000156,2024-10-07 17:39:17,38.54,mada
biz_0493-000151,2024-10-07 17:44:15,36.15,mada
biz_0493-000136,2024-10-07 18:26:03,25.2,mada
biz_0493-000143,2024-10-07 18:38:57,32.88,mada
biz_0493-000172,2024-10-08 08:45:22,12.47,cash
biz_0493-000157,2024-10-08 11:11:37,22.01,mada
biz_0493-000173,2024-10-08 11:17:24,17.62,mada
biz_0493-000162,2024-10-08 11:18:35,26.52,mada
biz_0493-000160,2024-10-08 11:44:17,21.67,mada
biz_0493-000164,2024-10-08 12:09:11,22.24,cash
biz_0493-000159,2024-10-08 13:54:12,15.89,credit_card
biz_0493-000161,2024-10-08 14:24:57,31.07,mada
biz_0493-000168,2024-10-08 15:28:07,27.42,mada
biz_0493-000170,2024-10-08 15:30:26,19.4,mada
biz_0493-000176,2024-10-08 15:35:20,22.02,cash
biz_0493-000158,2024-10-08 16:32:01,22.35,cash
biz_0493-000169,2024-10-08 16:35:55,16.97,credit_card
biz_0493-000175,2024-10-08 16:47:51,21.86,mada
biz_0493-000171,2024-10-08 17:04:30,26.89,mada
biz_0493-000166,2024-10-08 17:04:39,28.84,cash
biz_0493-000167,2024-10-08 17:05:03,28.56,mada
biz_0493-000165,2024-10-08 17:07:44,32.7,mada
biz_0493-000174,2024-10-08 19:01:53,15.05,mada
biz_0493-000163,2024-10-08 19:23:10,24.7,cash
biz_0493-000179,2024-10-09 08:41:53,40.56,credit_card
biz_0493-000181,2024-10-09 09:04:51,36.27,cash
biz_0493-000177,2024-10-09 09:07:42,21.68,credit_card
biz_0493-000184,2024-10-09 09:19:04,32.05,mada
biz_0493-000189,2024-10-09 09:25:27,27.04,mada
biz_0493-000178,2024-10-09 09:31:03,36.0,mada
biz_0493-000194,2024-10-09 10:37:44,68.81,mada
biz_0493-000190,2024-10-09 11:33:03,29.15,cash
biz_0493-000188,2024-10-09 11:51:36,40.39,credit_card
biz_0493-000191,2024-10-09 13:47:04,23.15,credit_card
biz_0493-000187,2024-10-09 14:15:06,28.32,credit_card
biz_0493-000183,2024-10-09 15:48:59,77.86,mada
biz_0493-000180,2024-10-09 16:03:55,12.92,cash
biz_0493-000182,2024-10-09 16:05:25,18.92,mada
biz_0493-000186,2024-10-09 16:29:07,23.0,cash
biz_0493-000185,2024-10-09 17:26:08,33.93,cash
biz_0493-000192,2024-10-09 19:08:05,14.85,mada
biz_0493-000193,2024-10-09 19:54:16,20.18,cash
biz_0493-000201,2024-10-10 09:55:34,19.33,cash
biz_0493-000198,2024-10-10 10:33:07,12.42,cash
biz_0493-000203,2024-10-10 10:34:22,30.97,mada
biz_0493-000208,2024-10-10 11:40:03,15.59,cash
biz_0493-000207,2024-10-10 12:26:32,21.51,cash
biz_0493-000197,2024-10-10 12:34:10,19.28,mada
biz_0493-000195,2024-10-10 13:04:01,50.16,mada
biz_0493-000204,2024-10-10 13:38:53,17.13,credit_card
biz_0493-000202,2024-10-10 16:04:23,29.07,credit_card
biz_0493-000200,2024-10-10 16:14:43,45.05,credit_card
biz_0493-000196,2024-10-10 18:27:28,24.13,cash
biz_0493-000199,2024-10-10 18:29:50,29.41,mada
biz_0493-000205,2024-10-10 19:15:56,36.96,cash
biz_0493-000206,2024-10-10 19:57:35,44.48,mada
biz_0493-000210,2024-10-11 09:26:05,33.75,cash
biz_0493-000218,2024-10-11 10:16:02,13.21,credit_card
biz_0493-000229,2024-10-11 10:25:00,24.89,mada
biz_0493-000222,2024-10-11 10:54:22,10.7,mada
biz_0493-000225,2024-10-11 11:20:54,13.99,mada
biz_0493-000228,2024-10-11 11:25:52,26.0,cash
biz_0493-000214,2024-10-11 11:51:36,18.79,mada
biz_0493-000226,2024-10-11 11:51:46,23.88,mada
biz_0493-000230,2024-10-11 11:57:21,17.6,mada
biz_0493-000227,2024-10-11 12:13:13,26.76,cash
biz_0493-000220,2024-10-11 12:28:38,29.98,cash
biz_0493-000209,2024-10-11 12:34:08,24.82,cash
biz_0493-000217,2024-10-11 12:44:55,39.53,cash
biz_0493-000215,2024-10-11 13:20:53,38.63,cash
biz_0493-000223,2024-10-11 13:44:50,36.97,mada
biz_0493-000216,2024-10-11 14:22:03,31.79,mada
biz_0493-000221,2024-10-11 15:34:07,25.57,cash
biz_0493-000219,2024-10-11 16:24:57,33.59,cash
biz_0493-000211,2024-10-11 16:54:43,32.62,credit_card
biz_0493-000212,2024-10-11 16:59:05,26.64,mada
biz_0493-000231,2024-10-11 18:12:38,29.96,mada
biz_0493-000213,2024-10-11 18:27:19,37.14,cash
biz_0493-000224,2024-10-11 18:35:40,37.95,mada
biz_0493-000251,2024-10-12 09:13:53,26.13,mada
biz_0493-000241,2024-10-12 09:47:05,47.45,mada
biz_0493-000255,2024-10-12 10:20:22,20.41,cash
biz_0493-000244,2024-10-12 10:32:10,20.72,cash
biz_0493-000236,2024-10-12 10:50:27,38.88,mada
biz_0493-000240,2024-10-12 10:57:32,20.32,mada
biz_0493-000254,2024-10-12 11:02:37,23.72,mada
biz_0493-000232,2024-10-12 11:52:21,10.69,mada
biz_0493-000243,2024-10-12 12:14:57,27.22,mada
biz_0493-000245,2024-10-12 12:33:31,17.84,mada
biz_0493-000235,2024-10-12 13:23:49,13.49,mada
biz_0493-000238,2024-10-12 13:39:50,21.16,mada
biz_0493-000247,2024-10-12 13:49:45,17.46,mada
biz_0493-000256,2024-10-12 13:50:32,63.06,mada
biz_0493-000234,2024-10-12 14:21:50,24.25,credit_card
biz_0493-000250,2024-10-12 14:28:07,30.32,mada
biz_0493-000248,2024-10-12 14:45:40,36.61,credit_card
biz_0493-000237,2024-10-12 15:11:42,20.21,mada
biz_0493-000239,2024-10-12 15:19:46,21.34,mada
biz_0493-000249,2024-10-12 15:28:26,22.79,mada
biz_0493-000253,2024-10-12 15:48:19,22.45,credit_card
biz_0493-000233,2024-10-12 16:21:41,28.92,mada
biz_0493-000242,2024-10-12 17:19:44,29.51,cash
biz_0493-000252,2024-10-12 17:58:35,20.14,mada
biz_0493-000246,2024-10-12 18:33:23,26.65,cash
biz_0493-000278,2024-10-13 08:59:16,16.09,credit_card
biz_0493-000277,2024-10-13 09:05:34,52.9,mada
biz_0493-000264,2024-10-13 09:23:12,24.0,mada
biz_0493-000261,2024-10-13 09:23:47,70.53,mada
biz_0493-000267,2024-10-13 10:10:52,18.66,mada
biz_0493-000273,2024-10-13 10:46:51,26.28,cash
biz_0493-000269,2024-10-13 11:26:36,28.72,mada
biz_0493-000257,2024-10-13 11:31:06,31.01,cash
biz_0493-000272,2024-10-13 11:34:56,36.98,cash
biz_0493-000266,2024-10-13 12:08:21,27.65,cash
biz_0493-000270,2024-10-13 12:46:03,18.84,cash
biz_0493-000258,2024-10-13 13:02:12,21.61,mada
biz_0493-000262,2024-10-13 13:08:11,28.13,cash
biz_0493-000263,2024-10-13 13:30:21,33.27,mada
biz_0493-000276,2024-10-13 13:35:37,20.8,cash
biz_0493-000271,2024-10-13 15:49:01,26.54,mada
biz_0493-000260,2024-10-13 16:24:09,43.85,mada
biz_0493-000259,2024-10-13 16:45:35,23.51,cash
biz_0493-000268,2024-10-13 17:42:46,28.38,mada
biz_0493-000265,2024-10-13 17:44:29,26.43,mada
biz_0493-000274,2024-10-13 18:10:53,16.33,cash
biz_0493-000275,2024-10-13 18:37:37,51.15,mada
biz_0493-000289,2024-10-14 08:44:13,15.95,credit_card
biz_0493-000303,2024-10-14 09:00:23,17.24,mada
biz_0493-000291,2024-10-14 09:03:33,20.55,credit_card
biz_0493-000284,2024-10-14 09:03:56,21.35,mada
biz_0493-000282,2024-10-14 09:12:30,18.81,mada
biz_0493-000295,2024-10-14 09:40:26,28.38,cash
biz_0493-000305,2024-10-14 10:30:50,39.64,mada
biz_0493-000285,2024-10-14 11:03:10,15.08,cash
biz_0493-000290,2024-10-14 11:29:58,14.26,mada
biz_0493-000302,2024-10-14 11:35:08,23.24,mada
biz_0493-000296,2024-10-14 12:19:45,20.72,mada
biz_0493-000292,2024-10-14 13:55:08,20.47,mada
biz_0493-000283,2024-10-14 14:20:31,57.66,cash
biz_0493-000299,2024-10-14 14:20:49,28.53,cash
biz_0493-000294,2024-10-14 15:25:44,21.02,cash
biz_0493-000300,2024-10-14 15:37:29,12.62,cash
biz_0493-000281,2024-10-14 15:44:02,52.08,cash
biz_0493-000287,2024-10-14 15:52:57,26.69,cash
biz_0493-000288,2024-10-14 16:33:28,26.54,mada
biz_0493-000298,2024-10-14 16:42:32,32.54,cash
biz_0493-000280,2024-10-14 17:10:07,24.23,mada
biz_0493-000279,2024-10-14 17:16:48,22.61,cash
biz_0493-000293,2024-10-14 17:31:16,48.33,mada
biz_0493-000297,2024-10-14 17:36:58,19.5,cash
biz_0493-000286,2024-10-14 17:41:23,41.26,mada
biz_0493-000301,2024-10-14 19:01:01,50.56,mada
biz_0493-000304,2024-10-14 19:37:57,16.57,mada
biz_0493-000318,2024-10-15 08:20:11,9.25,cash
biz_0493-000309,2024-10-15 08:42:35,33.72,cash
biz_0493-000326,2024-10-15 10:38:39,48.49,credit_card
biz_0493-000320,2024-10-15 11:32:28,61.52,mada
biz_0493-000306,2024-10-15 11:57:10,22.3,mada
biz_0493-000323,2024-10-15 11:59:21,37.66,mada
biz_0493-000308,2024-10-15 12:09:35,37.07,credit_card
biz_0493-000312,2024-10-15 12:20:31,32.79,cash
biz_0493-000322,2024-10-15 12:25:26,28.59,credit_card
biz_0493-000310,2024-10-15 12:34:19,21.7,cash
biz_0493-000325,2024-10-15 13:12:11,33.72,cash
biz_0493-000316,2024-10-15 14:35:09,10.56,mada
biz_0493-000314,2024-10-15 15:37:05,34.6,mada
biz_0493-000313,2024-10-15 16:09:44,24.25,cash
biz_0493-000311,2024-10-15 16:23:57,32.0,cash
biz_0493-000315,2024-10-15 16:27:55,44.97,mada
biz_0493-000324,2024-10-15 16:47:05,18.15,cash
biz_0493-000317,2024-10-15 18:47:10,24.46,mada
biz_0493-000321,2024-10-15 19:01:29,12.93,mada
biz_0493-000319,2024-10-15 19:04:41,20.35,cash
biz_0493-000307,2024-10-15 19:19:16,22.64,cash
biz_0493-000342,2024-10-16 08:13:33,25.74,credit_card
biz_0493-000327,2024-10-16 09:05:40,12.24,mada
biz_0493-000343,2024-10-16 09:21:18,39.47,cash
biz_0493-000328,2024-10-16 09:33:07,19.58,mada
biz_0493-000332,2024-10-16 10:11:02,21.81,cash
biz_0493-000330,2024-10-16 10:19:34,35.05,mada
biz_0493-000339,2024-10-16 10:28:31,37.73,cash
biz_0493-000348,2024-10-16 10:42:43,22.98,mada
biz_0493-000347,2024-10-16 10:55:40,26.32,mada
biz_0493-000331,2024-10-16 10:56:07,14.18,cash
biz_0493-000345,2024-10-16 11:51:52,16.41,mada
biz_0493-000346,2024-10-16 11:53:17,25.4,cash
biz_0493-000338,2024-10-16 12:02:30,40.36,mada
biz_0493-000336,2024-10-16 12:15:45,23.35,credit_card
biz_0493-000335,2024-10-16 13:59:52,24.58,mada
biz_0493-000349,2024-10-16 15:22:56,26.94,credit_card
biz_0493-000329,2024-10-16 15:34:54,30.13,mada
biz_0493-000333,2024-10-16 16:20:55,37.58,mada
biz_0493-000340,2024-10-16 16:42:02,40.95,cash
biz_0493-000337,2024-10-16 17:07:20,14.22,credit_card
biz_0493-000350,2024-10-16 17:23:04,20.0,mada
biz_0493-000344,2024-10-16 17:32:52,23.81,mada
biz_0493-000334,2024-10-16 18:16:04,36.35,cash
biz_0493-000341,2024-10-16 20:38:06,24.73,mada
biz_0493-000362,2024-10-17 09:07:55,59.0,mada
biz_0493-000357,2024-10-17 09:16:50,24.16,cash
biz_0493-000352,2024-10-17 09:29:47,36.79,cash
biz_0493-000354,2024-10-17 10:18:39,16.63,cash
biz_0493-000356,2024-10-17 10:46:53,21.74,mada
biz_0493-000375,2024-10-17 10:49:38,48.26,cash
biz_0493-000379,2024-10-17 10:58:40,23.62,cash
biz_0493-000371,2024-10-17 11:04:45,34.31,mada
biz_0493-000351,2024-10-17 11:07:59,41.3,credit_card
biz_0493-000376,2024-10-17 11:13:59,28.73,mada
biz_0493-000372,2024-10-17 11:19:52,20.76,mada
biz_0493-000363,2024-10-17 11:22:32,41.15,mada
biz_0493-000361,2024-10-17 12:13:11,24.26,cash
biz_0493-000373,2024-10-17 12:44:07,27.65,mada
biz_0493-000377,2024-10-17 12:58:40,26.16,mada
biz_0493-000374,2024-10-17 14:13:36,16.8,mada
biz_0493-000355,2024-10-17 14:24:45,24.95,mada
biz_0493-000366,2024-10-17 14:41:18,19.8,cash
biz_0493-000365,2024-10-17 14:51:02,34.74,cash
biz_0493-000358,2024-10-17 15:14:55,40.0,mada
biz_0493-000359,2024-10-17 15:58:24,19.71,cash
biz_0493-000369,2024-10-17 16:14:21,26.91,cash
biz_0493-000364,2024-10-17 16:14:25,53.68,cash
biz_0493-000353,2024-10-17 16:15:23,28.35,credit_card
biz_0493-000378,2024-10-17 16:52:42,34.89,cash
biz_0493-000368,2024-10-17 17:18:23,13.55,mada
biz_0493-000367,2024-10-17 17:27:17,30.68,cash
biz_0493-000360,2024-10-17 18:08:05,11.78,cash
biz_0493-000370,2024-10-17 18:11:05,21.51,mada
biz_0493-000397,2024-10-18 08:11:41,23.42,cash
biz_0493-000402,2024-10-18 10:35:53,17.17,cash
biz_0493-000380,2024-10-18 11:06:21,20.71,mada
biz_0493-000387,2024-10-18 11:46:58,34.53,mada
biz_0493-000388,2024-10-18 12:18:58,36.56,mada
biz_0493-000393,2024-10-18 12:35:38,30.71,credit_card
biz_0493-000395,2024-10-18 12:41:04,41.74,mada
biz_0493-000381,2024-10-18 13:50:32,22.5,cash
biz_0493-000384,2024-10-18 13:54:49,21.77,mada
biz_0493-000391,2024-10-18 13:56:27,37.59,mada
biz_0493-000386,2024-10-18 14:16:53,18.66,cash
biz_0493-000383,2024-10-18 14:36:30,22.42,cash
biz_0493-000385,2024-10-18 14:44:41,19.23,mada
biz_0493-000405,2024-10-18 14:52:30,60.89,cash
biz_0493-000390,2024-10-18 15:09:18,15.46,credit_card
biz_0493-000392,2024-10-18 15:11:19,23.47,cash
biz_0493-000398,2024-10-18 15:13:12,20.04,cash
biz_0493-000403,2024-10-18 15:13:23,40.9,mada
biz_0493-000394,2024-10-18 15:35:25,24.34,mada
biz_0493-000389,2024-10-18 15:56:56,58.25,cash
biz_0493-000399,2024-10-18 17:43:58,20.31,credit_card
biz_0493-000400,2024-10-18 17:55:19,10.98,mada
biz_0493-000401,2024-10-18 18:23:19,17.42,cash
biz_0493-000382,2024-10-18 18:41:31,23.52,mada
biz_0493-000404,2024-10-18 19:20:48,16.59,mada
biz_0493-000396,2024-10-18 19:24:43,23.87,cash
biz_0493-000428,2024-10-19 08:43:25,30.48,cash
biz_0493-000417,2024-10-19 08:49:39,15.57,mada
biz_0493-000412,2024-10-19 09:15:47,15.93,cash
biz_0493-000419,2024-10-19 10:25:46,18.6,mada
biz_0493-000406,2024-10-19 10:36:43,20.32,mada
biz_0493-000407,2024-10-19 10:46:26,28.94,mada
biz_0493-000431,2024-10-19 10:54:03,19.2,mada
biz_0493-000410,2024-10-19 11:24:41,24.79,mada
biz_0493-000426,2024-10-19 11:47:02,11.14,mada
biz_0493-000427,2024-10-19 11:52:51,18.62,mada
biz_0493-000434,2024-10-19 11:59:02,58.71,mada
biz_0493-000420,2024-10-19 12:00:53,27.74,cash
biz_0493-000409,2024-10-19 12:03:15,36.84,mada
biz_0493-000413,2024-10-19 12:17:08,38.75,cash
biz_0493-000432,2024-10-19 12:38:53,31.67,mada
biz_0493-000415,2024-10-19 12:40:22,32.73,mada
biz_0493-000430,2024-10-19 13:57:35,20.17,mada
biz_0493-000414,2024-10-19 14:18:08,21.81,cash
biz_0493-000433,2024-10-19 14:56:43,20.45,cash
biz_0493-000429,2024-10-19 15:35:20,22.9,cash
biz_0493-000422,2024-10-19 16:45:14,21.97,cash
biz_0493-000421,2024-10-19 17:22:09,22.44,mada
biz_0493-000416,2024-10-19 17:43:58,20.53,credit_card
biz_0493-000424,2024-10-19 17:48:56,23.4,credit_card
biz_0493-000423,2024-10-19 17:52:05,29.12,mada
biz_0493-000435,2024-10-19 18:23:37,13.75,cash
biz_0493-000411,2024-10-19 18:25:29,21.3,mada
biz_0493-000418,2024-10-19 18:28:09,17.07,credit_card
biz_0493-000408,2024-10-19 18:34:36,27.79,mada
biz_0493-000425,2024-10-19 18:42:12,21.43,cash
biz_0493-000453,2024-10-20 08:23:42,18.53,cash
biz_0493-000450,2024-10-20 10:01:13,38.02,mada
biz_0493-000454,2024-10-20 10:49:12,43.26,mada
biz_0493-000439,2024-10-20 10:50:35,35.47,mada
biz_0493-000446,2024-10-20 11:11:58,30.43,mada
biz_0493-000436,2024-10-20 11:23:44,44.47,mada
biz_0493-000456,2024-10-20 11:26:41,38.18,cash
biz_0493-000448,2024-10-20 12:23:55,38.44,cash
biz_0493-000449,2024-10-20 12:56:10,19.28,mada
biz_0493-000445,2024-10-20 13:37:34,37.34,cash
biz_0493-000440,2024-10-20 13:43:42,23.76,mada
biz_0493-000455,2024-10-20 13:50:39,31.3,mada
biz_0493-000457,2024-10-20 14:11:20,24.64,cash
biz_0493-000442,2024-10-20 14:32:39,35.97,cash
biz_0493-000441,2024-10-20 14:35:30,39.33,credit_card
biz_0493-000438,2024-10-20 15:27:07,20.37,cash
biz_0493-000460,2024-10-20 15:37:28,16.96,cash
biz_0493-000444,2024-10-20 16:00:12,16.81,credit_card
biz_0493-000458,2024-10-20 16:25:16,16.47,cash
biz_0493-000447,2024-10-20 16:31:27,22.36,mada
biz_0493-000459,2024-10-20 17:27:01,23.81,mada
biz_0493-000437,2024-10-20 17:42:05,33.2,mada
biz_0493-000451,2024-10-20 18:08:33,18.73,mada
biz_0493-000443,2024-10-20 18:28:24,30.46,mada
biz_0493-000452,2024-10-20 21:40:24,31.5,cash
biz_0493-000476,2024-10-21 09:42:01,24.82,cash
biz_0493-000461,2024-10-21 10:13:32,23.87,mada
biz_0493-000478,2024-10-21 10:26:33,30.83,mada
biz_0493-000483,2024-10-21 10:45:30,29.38,mada
biz_0493-000470,2024-10-21 11:27:15,20.74,cash
biz_0493-000477,2024-10-21 11:27:47,74.51,credit_card
biz_0493-000484,2024-10-21 12:27:56,26.92,mada
biz_0493-000474,2024-10-21 12:45:20,35.62,cash
biz_0493-000466,2024-10-21 12:50:47,18.8,mada
biz_0493-000479,2024-10-21 13:44:34,36.15,mada
biz_0493-000462,2024-10-21 13:58:06,13.32,mada
biz_0493-000471,2024-10-21 14:30:00,27.79,cash
biz_0493-000464,2024-10-21 14:58:27,26.3,mada
biz_0493-000469,2024-10-21 15:08:32,25.51,mada
biz_0493-000475,2024-10-21 15:16:39,28.52,cash
biz_0493-000472,2024-10-21 15:30:34,27.51,mada
biz_0493-000481,2024-10-21 16:16:57,36.0,credit_card
biz_0493-000465,2024-10-21 17:01:20,18.8,mada
biz_0493-000486,2024-10-21 17:45:12,43.17,credit_card
biz_0493-000468,2024-10-21 17:53:25,55.53,mada
biz_0493-000467,2024-10-21 17:54:45,19.19,cash
biz_0493-000473,2024-10-21 18:02:40,55.18,mada
biz_0493-000485,2024-10-21 18:45:04,25.86,mada
biz_0493-000487,2024-10-21 18:57:53,20.22,cash
biz_0493-000482,2024-10-21 19:07:14,20.27,mada
biz_0493-000463,2024-10-21 20:00:36,20.15,mada
biz_0493-000480,2024-10-21 21:39:00,12.63,mada
biz_0493-000498,2024-10-22 09:41:29,27.71,mada
biz_0493-000500,2024-10-22 10:19:57,22.67,cash
biz_0493-000488,2024-10-22 11:11:43,48.86,mada
biz_0493-000496,2024-10-22 11:28:03,23.02,cash
biz_0493-000489,2024-10-22 11:29:08,30.08,mada
biz_0493-000509,2024-10-22 12:14:08,28.1,mada
biz_0493-000508,2024-10-22 12:26:41,22.51,credit_card
biz_0493-000502,2024-10-22 13:12:09,12.77,credit_card
biz_0493-000507,2024-10-22 13:13:39,18.55,mada
biz_0493-000493,2024-10-22 13:16:09,23.19,cash
biz_0493-000497,2024-10-22 13:36:29,18.46,mada
biz_0493-000506,2024-10-22 14:50:52,12.75,mada
biz_0493-000499,2024-10-22 14:52:26,46.62,cash
biz_0493-000501,2024-10-22 15:03:28,16.19,credit_card
biz_0493-000492,2024-10-22 15:31:59,30.34,mada
biz_0493-000504,2024-10-22 15:41:26,33.67,mada
biz_0493-000495,2024-10-22 16:12:00,22.77,mada
biz_0493-000505,2024-10-22 17:35:06,42.12,mada
biz_0493-000503,2024-10-22 17:58:27,38.62,cash
biz_0493-000494,2024-10-22 18:21:46,40.31,cash
biz_0493-000491,2024-10-22 18:38:05,54.78,mada
biz_0493-000490,2024-10-22 19:20:52,17.73,mada
biz_0493-000514,2024-10-23 09:04:24,34.33,cash
biz_0493-000516,2024-10-23 09:36:05,54.79,mada
biz_0493-000515,2024-10-23 09:47:37,29.41,mada
biz_0493-000521,2024-10-23 09:51:52,32.14,mada
biz_0493-000525,2024-10-23 10:35:33,38.15,mada
biz_0493-000526,2024-10-23 10:39:54,32.95,mada
biz_0493-000512,2024-10-23 11:05:55,42.52,credit_card
biz_0493-000530,2024-10-23 11:13:41,49.37,mada
biz_0493-000532,2024-10-23 11:43:51,19.5,cash
biz_0493-000517,2024-10-23 11:47:15,17.51,mada
biz_0493-000534,2024-10-23 11:51:37,33.2,cash
biz_0493-000524,2024-10-23 11:58:15,17.07,credit_card
biz_0493-000513,2024-10-23 12:45:06,26.42,mada
biz_0493-000511,2024-10-23 13:35:54,22.84,mada
biz_0493-000523,2024-10-23 14:58:11,25.84,mada
biz_0493-000522,2024-10-23 15:26:32,24.35,mada
biz_0493-000527,2024-10-23 15:38:31,38.91,mada
biz_0493-000519,2024-10-23 16:13:44,19.64,mada
biz_0493-000510,2024-10-23 16:19:38,21.1,mada
biz_0493-000533,2024-10-23 16:53:26,21.13,mada
biz_0493-000520,2024-10-23 17:02:43,43.86,credit_card
biz_0493-000529,2024-10-23 17:51:51,39.66,credit_card
biz_0493-000518,2024-10-23 18:13:21,30.81,cash
biz_0493-000528,2024-10-23 19:04:07,35.78,credit_card
biz_0493-000531,2024-10-23 19:55:42,38.55,mada
biz_0493-000546,2024-10-25 09:01:39,17.55,mada
biz_0493-000561,2024-10-25 09:09:43,26.19,cash
biz_0493-000543,2024-10-25 09:21:56,9.63,cash
biz_0493-000547,2024-10-25 09:25:50,19.8,cash
biz_0493-000535,2024-10-25 09:42:17,40.02,credit_card
biz_0493-000540,2024-10-25 10:09:37,34.62,cash
biz_0493-000536,2024-10-25 10:13:25,32.44,mada
biz_0493-000537,2024-10-25 10:27:45,27.46,mada
biz_0493-000562,2024-10-25 10:54:51,25.76,mada
biz_0493-000545,2024-10-25 11:24:59,18.94,mada
biz_0493-000554,2024-10-25 11:26:39,12.18,mada
biz_0493-000544,2024-10-25 11:45:07,34.01,mada
biz_0493-000563,2024-10-25 11:56:20,27.52,mada
biz_0493-000548,2024-10-25 12:10:12,14.8,mada
biz_0493-000560,2024-10-25 12:31:22,37.3,mada
biz_0493-000550,2024-10-25 12:40:05,20.7,mada
biz_0493-000557,2024-10-25 13:25:21,41.53,mada
biz_0493-000538,2024-10-25 13:25:42,23.81,mada
biz_0493-000551,2024-10-25 13:32:46,19.43,mada
biz_0493-000555,2024-10-25 14:14:06,25.42,mada
biz_0493-000559,2024-10-25 15:39:06,38.19,credit_card
biz_0493-000553,2024-10-25 16:20:52,21.57,mada
biz_0493-000552,2024-10-25 16:52:32,24.23,mada
biz_0493-000549,2024-10-25 16:59:44,22.2,mada
biz_0493-000558,2024-10-25 17:37:43,24.87,mada
biz_0493-000542,2024-10-25 17:39:50,27.96,mada
biz_0493-000539,2024-10-25 17:56:41,24.57,cash
biz_0493-000556,2024-10-25 18:31:20,31.09,cash
biz_0493-000541,2024-10-25 21:38:27,20.53,credit_card
biz_0493-000590,2024-10-27 08:40:42,29.58,cash
biz_0493-000570,2024-10-27 09:06:55,25.13,credit_card
biz_0493-000573,2024-10-27 09:11:43,23.87,credit_card
biz_0493-000587,2024-10-27 09:20:51,43.99,mada
biz_0493-000593,2024-10-27 10:03:27,18.97,cash
biz_0493-000572,2024-10-27 10:10:36,21.36,cash
biz_0493-000579,2024-10-27 10:38:23,10.57,mada
biz_0493-000581,2024-10-27 10:54:26,32.32,cash
biz_0493-000584,2024-10-27 11:14:27,7.62,mada
biz_0493-000571,2024-10-27 11:32:37,31.12,cash
biz_0493-000588,2024-10-27 11:43:32,34.74,cash
biz_0493-000567,2024-10-27 12:37:50,16.31,cash
biz_0493-000569,2024-10-27 12:45:44,25.85,mada
biz_0493-000583,2024-10-27 13:10:01,50.21,cash
biz_0493-000585,2024-10-27 14:21:38,34.8,cash
biz_0493-000589,2024-10-27 14:29:32,33.01,cash
biz_0493-000566,2024-10-27 14:41:44,18.27,cash
biz_0493-000591,2024-10-27 15:10:51,22.78,mada
biz_0493-000568,2024-10-27 16:09:28,30.54,mada
biz_0493-000592,2024-10-27 16:26:40,35.26,mada
biz_0493-000565,2024-10-27 16:57:20,42.3,mada
biz_0493-000586,2024-10-27 17:00:12,32.51,mada
biz_0493-000576,2024-10-27 17:37:59,41.34,cash
biz_0493-000578,2024-10-27 17:53:45,44.12,mada
biz_0493-000577,2024-10-27 17:55:15,33.6,cash
biz_0493-000575,2024-10-27 19:20:03,22.48,mada
biz_0493-000582,2024-10-27 19:22:27,28.45,mada
biz_0493-000574,2024-10-27 19:44:29,13.68,mada
biz_0493-000564,2024-10-27 19:52:39,31.0,cash
biz_0493-000580,2024-10-27 20:20:01,12.08,cash
biz_0493-000618,2024-10-28 09:01:47,30.04,mada
biz_0493-000610,2024-10-28 09:24:26,18.26,credit_card
biz_0493-000607,2024-10-28 09:28:22,14.52,cash
biz_0493-000609,2024-10-28 09:36:45,21.75,mada
biz_0493-000617,2024-10-28 10:16:46,12.87,cash
biz_0493-000595,2024-10-28 10:39:46,33.74,cash
biz_0493-000598,2024-10-28 11:07:36,47.61,cash
biz_0493-000606,2024-10-28 11:10:11,16.94,cash
biz_0493-000619,2024-10-28 11:37:29,35.9,cash
biz_0493-000615,2024-10-28 11:56:56,21.14,mada
biz_0493-000597,2024-10-28 12:01:46,27.24,mada
biz_0493-000594,2024-10-28 12:15:22,16.17,cash
biz_0493-000600,2024-10-28 12:40:10,31.99,mada
biz_0493-000613,2024-10-28 14:08:36,14.31,cash
biz_0493-000605,2024-10-28 14:19:28,26.66,mada
biz_0493-000611,2024-10-28 14:26:48,51.89,credit_card
biz_0493-000614,2024-10-28 15:45:32,34.88,mada
biz_0493-000608,2024-10-28 16:04:27,26.01,credit_card
biz_0493-000612,2024-10-28 16:14:06,40.06,cash
biz_0493-000601,2024-10-28 16:22:16,15.37,mada
biz_0493-000596,2024-10-28 16:32:00,19.01,mada
biz_0493-000599,2024-10-28 16:40:10,30.77,credit_card
biz_0493-000604,2024-10-28 16:44:36,34.67,cash
biz_0493-000603,2024-10-28 17:14:08,20.82,mada
biz_0493-000602,2024-10-28 17:42:01,34.06,cash
biz_0493-000616,2024-10-28 19:36:48,38.58,mada
biz_0493-000620,2024-10-28 21:01:29,24.13,mada
biz_0493-000644,2024-10-29 08:44:19,24.41,cash
biz_0493-000643,2024-10-29 09:26:14,53.21,mada
biz_0493-000648,2024-10-29 09:50:56,22.51,mada
biz_0493-000624,2024-10-29 10:48:45,28.97,credit_card
biz_0493-000621,2024-10-29 10:58:58,26.08,cash
biz_0493-000642,2024-10-29 11:11:24,39.37,mada
biz_0493-000635,2024-10-29 11:25:20,37.61,mada
biz_0493-000637,2024-10-29 11:26:02,42.13,cash
biz_0493-000629,2024-10-29 11:55:05,21.78,mada
biz_0493-000649,2024-10-29 13:03:15,64.03,cash
biz_0493-000633,2024-10-29 13:15:38,56.48,credit_card
biz_0493-000632,2024-10-29 13:23:02,11.82,mada
biz_0493-000639,2024-10-29 13:24:46,32.22,cash
biz_0493-000628,2024-10-29 13:46:21,40.36,cash
biz_0493-000626,2024-10-29 13:50:12,19.28,mada
biz_0493-000646,2024-10-29 14:33:58,22.32,cash
biz_0493-000641,2024-10-29 14:41:06,21.59,cash
biz_0493-000630,2024-10-29 14:44:35,27.42,mada
biz_0493-000650,2024-10-29 14:48:22,20.78,cash
biz_0493-000625,2024-10-29 15:25:49,22.32,mada
biz_0493-000627,2024-10-29 15:28:33,23.87,cash
biz_0493-000623,2024-10-29 15:34:14,38.02,cash
biz_0493-000640,2024-10-29 15:39:26,31.96,cash
biz_0493-000622,2024-10-29 15:46:01,31.95,mada
biz_0493-000636,2024-10-29 16:42:23,24.91,cash
biz_0493-000634,2024-10-29 16:47:28,58.94,mada
biz_0493-000647,2024-10-29 17:09:18,40.9,mada
biz_0493-000631,2024-10-29 17:18:00,19.81,cash
biz_0493-000651,2024-10-29 17:31:11,31.1,mada
biz_0493-000645,2024-10-29 17:32:24,26.56,mada
biz_0493-000638,2024-10-29 18:57:36,29.88,cash
biz_0493-000662,2024-10-30 09:52:05,20.21,cash
biz_0493-000656,2024-10-30 10:05:57,43.15,mada
biz_0493-000655,2024-10-30 10:47:15,39.82,credit_card
biz_0493-000668,2024-10-30 11:21:54,22.82,mada
biz_0493-000654,2024-10-30 11:24:41,10.12,cash
biz_0493-000664,2024-10-30 12:44:17,35.48,mada
biz_0493-000667,2024-10-30 13:18:38,32.83,cash
biz_0493-000661,2024-10-30 14:12:01,16.68,mada
biz_0493-000658,2024-10-30 14:15:49,19.03,mada
biz_0493-000665,2024-10-30 15:10:34,27.05,mada
biz_0493-000663,2024-10-30 15:39:33,35.84,cash
biz_0493-000660,2024-10-30 15:54:55,23.18,mada
biz_0493-000666,2024-10-30 16:01:31,32.0,cash
biz_0493-000657,2024-10-30 16:30:05,33.1,cash
biz_0493-000659,2024-10-30 18:02:48,14.92,cash
biz_0493-000653,2024-10-30 18:52:57,21.54,cash
biz_0493-000652,2024-10-30 22:57:02,48.67,mada
biz_0493-000677,2024-10-31 08:29:25,19.65,credit_card
biz_0493-000681,2024-10-31 10:21:14,17.92,credit_card
biz_0493-000690,2024-10-31 10:30:43,12.49,mada
biz_0493-000676,2024-10-31 10:56:35,30.1,mada
biz_0493-000674,2024-10-31 11:09:47,20.67,mada
biz_0493-000680,2024-10-31 11:17:27,24.17,mada
biz_0493-000675,2024-10-31 11:18:30,17.49,cash
biz_0493-000685,2024-10-31 12:02:51,19.07,cash
biz_0493-000688,2024-10-31 12:33:31,46.86,cash
biz_0493-000686,2024-10-31 13:26:50,29.93,cash
biz_0493-000673,2024-10-31 14:35:15,25.55,mada
biz_0493-000679,2024-10-31 15:17:42,37.63,mada
biz_0493-000671,2024-10-31 15:52:36,27.81,mada
biz_0493-000684,2024-10-31 16:34:47,25.34,mada
biz_0493-000670,2024-10-31 16:37:40,17.69,mada
biz_0493-000689,2024-10-31 16:48:57,72.6,credit_card
biz_0493-000682,2024-10-31 16:54:39,38.18,cash
biz_0493-000683,2024-10-31 16:55:48,28.02,credit_card
biz_0493-000672,2024-10-31 17:38:04,23.98,cash
biz_0493-000678,2024-10-31 18:32:41,23.05,mada
biz_0493-000669,2024-10-31 18:39:45,37.86,mada
biz_0493-000687,2024-10-31 19:45:45,28.52,mada
biz_0493-000703,2024-11-01 08:03:34,55.84,mada
biz_0493-000699,2024-11-01 09:04:12,53.79,mada
biz_0493-000717,2024-11-01 09:12:05,33.67,credit_card
biz_0493-000711,2024-11-01 09:21:23,30.63,cash
biz_0493-000712,2024-11-01 09:28:39,26.19,credit_card
biz_0493-000697,2024-11-01 09:31:26,21.11,mada
biz_0493-000720,2024-11-01 09:51:24,22.81,mada
biz_0493-000713,2024-11-01 10:24:38,23.26,mada
biz_0493-000691,2024-11-01 11:04:04,20.6,cash
biz_0493-000715,2024-11-01 12:40:47,37.11,mada
biz_0493-000706,2024-11-01 13:12:41,19.4,mada
biz_0493-000718,2024-11-01 14:10:47,39.41,mada
biz_0493-000704,2024-11-01 14:37:09,16.88,cash
biz_0493-000698,2024-11-01 15:35:20,18.98,mada
biz_0493-000701,2024-11-01 15:39:52,41.04,mada
biz_0493-000709,2024-11-01 15:41:09,15.68,cash
biz_0493-000702,2024-11-01 16:27:12,28.48,credit_card
biz_0493-000716,2024-11-01 16:42:55,24.64,cash
biz_0493-000705,2024-11-01 16:57:40,32.42,mada
biz_0493-000693,2024-11-01 17:16:31,26.61,cash
biz_0493-000696,2024-11-01 17:19:27,18.88,cash
biz_0493-000707,2024-11-01 17:28:19,12.73,mada
biz_0493-000695,2024-11-01 17:54:06,17.16,mada
biz_0493-000714,2024-11-01 18:04:54,14.52,mada
biz_0493-000694,2024-11-01 18:35:34,26.99,cash
biz_0493-000692,2024-11-01 18:37:11,20.36,cash
biz_0493-000710,2024-11-01 18:47:05,20.78,mada
biz_0493-000708,2024-11-01 18:48:52,17.34,cash
biz_0493-000700,2024-11-01 19:30:28,16.22,mada
biz_0493-000719,2024-11-01 21:21:23,54.09,cash
biz_0493-000734,2024-11-02 09:09:32,17.49,cash
biz_0493-000737,2024-11-02 09:41:47,22.51,cash
biz_0493-000733,2024-11-02 10:58:32,23.63,credit_card
biz_0493-000738,2024-11-02 11:00:49,30.98,cash
biz_0493-000729,2024-11-02 11:14:55,34.85,mada
biz_0493-000732,2024-11-02 12:01:24,26.76,credit_card
biz_0493-000723,2024-11-02 12:47:04,18.59,credit_card
biz_0493-000735,2024-11-02 13:11:51,38.09,mada
biz_0493-000726,2024-11-02 15:20:07,19.91,credit_card
biz_0493-000731,2024-11-02 15:37:13,17.16,cash
biz_0493-000727,2024-11-02 15:59:49,29.34,cash
biz_0493-000721,2024-11-02 16:14:09,24.06,mada
biz_0493-000724,2024-11-02 16:31:16,17.99,mada
biz_0493-000722,2024-11-02 17:49:44,17.74,cash
biz_0493-000725,2024-11-02 18:08:33,22.93,mada
biz_0493-000730,2024-11-02 18:35:01,24.64,mada
biz_0493-000728,2024-11-02 19:52:25,20.51,cash
biz_0493-000736,2024-11-02 20:12:54,21.27,mada
biz_0493-000756,2024-11-03 08:36:30,34.15,cash
biz_0493-000750,2024-11-03 08:57:22,34.82,mada
biz_0493-000744,2024-11-03 09:06:04,30.05,cash
biz_0493-000757,2024-11-03 09:41:57,21.61,mada
biz_0493-000751,2024-11-03 10:05:03,25.62,cash
biz_0493-000741,2024-11-03 10:19:38,30.67,cash
biz_0493-000748,2024-11-03 10:48:29,30.9,mada
biz_0493-000755,2024-11-03 11:19:22,29.75,mada
biz_0493-000753,2024-11-03 11:32:10,31.07,mada
biz_0493-000739,2024-11-03 12:53:53,28.35,mada
biz_0493-000745,2024-11-03 13:22:50,27.46,cash
biz_0493-000754,2024-11-03 13:45:00,13.92,mada
biz_0493-000742,2024-11-03 14:50:33,18.48,cash
biz_0493-000743,2024-11-03 15:38:16,19.12,cash
biz_0493-000747,2024-11-03 15:39:52,21.65,mada
biz_0493-000758,2024-11-03 15:44:19,16.73,cash
biz_0493-000752,2024-11-03 17:02:01,24.83,cash
biz_0493-000749,2024-11-03 17:33:28,47.99,mada
biz_0493-000746,2024-11-03 17:34:57,13.65,mada
biz_0493-000740,2024-11-03 17:46:42,25.82,cash
biz_0493-000778,2024-11-04 09:36:20,14.12,mada
biz_0493-000765,2024-11-04 09:41:32,31.16,cash
biz_0493-000779,2024-11-04 09:55:29,25.06,credit_card
biz_0493-000783,2024-11-04 10:42:59,40.75,mada
biz_0493-000781,2024-11-04 11:11:39,29.56,cash
biz_0493-000770,2024-11-04 11:26:31,14.25,cash
biz_0493-000766,2024-11-04 11:27:02,37.87,cash
biz_0493-000771,2024-11-04 11:36:48,22.43,mada
biz_0493-000760,2024-11-04 11:44:12,37.57,cash
biz_0493-000761,2024-11-04 13:00:55,37.83,mada
biz_0493-000772,2024-11-04 14:00:52,20.83,mada
biz_0493-000759,2024-11-04 14:23:46,34.47,cash
biz_0493-000767,2024-11-04 14:30:10,33.9,cash
biz_0493-000776,2024-11-04 14:41:54,40.2,mada
biz_0493-000769,2024-11-04 15:03:56,23.77,mada
biz_0493-000780,2024-11-04 15:35:52,24.99,mada
biz_0493-000768,2024-11-04 16:11:44,20.3,mada
biz_0493-000777,2024-11-04 17:19:51,34.33,mada
biz_0493-000764,2024-11-04 17:32:07,23.68,mada
biz_0493-000782,2024-11-04 17:38:50,27.22,cash
biz_0493-000775,2024-11-04 17:47:40,24.95,mada
biz_0493-000774,2024-11-04 18:55:25,11.36,mada
biz_0493-000762,2024-11-04 19:15:16,42.1,cash
biz_0493-000773,2024-11-04 19:48:00,32.62,cash
biz_0493-000763,2024-11-04 19:52:06,10.78,cash
biz_0493-000796,2024-11-05 08:50:29,30.92,cash
biz_0493-000800,2024-11-05 09:27:56,38.32,mada
biz_0493-000792,2024-11-05 09:47:33,47.96,mada
biz_0493-000791,2024-11-05 10:41:46,31.95,mada
biz_0493-000786,2024-11-05 10:54:23,15.25,cash
biz_0493-000799,2024-11-05 11:24:16,23.55,mada
biz_0493-000787,2024-11-05 12:19:42,36.74,credit_card
biz_0493-000784,2024-11-05 13:26:47,13.82,cash
biz_0493-000785,2024-11-05 14:01:11,37.21,cash
biz_0493-000789,2024-11-05 14:06:47,35.7,mada
biz_0493-000793,2024-11-05 14:44:24,25.36,mada
biz_0493-000788,2024-11-05 15:44:46,22.01,cash
biz_0493-000801,2024-11-05 15:48:08,18.75,mada
biz_0493-000795,2024-11-05 15:58:38,35.93,mada
biz_0493-000797,2024-11-05 16:02:36,31.68,mada
biz_0493-000798,2024-11-05 17:00:24,19.59,mada
biz_0493-000803,2024-11-05 17:17:29,32.66,cash
biz_0493-000790,2024-11-05 17:54:00,37.65,mada
biz_0493-000802,2024-11-05 18:10:12,27.13,mada
biz_0493-000794,2024-11-05 21:04:52,39.65,mada
biz_0493-000804,2024-11-05 21:35:50,38.1,cash
biz_0493-000808,2024-11-06 07:54:53,20.57,mada
biz_0493-000817,2024-11-06 09:38:16,43.04,cash
biz_0493-000823,2024-11-06 10:30:26,19.53,cash
biz_0493-000816,2024-11-06 10:37:16,33.06,credit_card
biz_0493-000824,2024-11-06 11:02:06,38.24,cash
biz_0493-000820,2024-11-06 11:22:01,23.12,mada
biz_0493-000819,2024-11-06 13:38:15,29.16,cash
biz_0493-000812,2024-11-06 13:46:11,22.84,cash
biz_0493-000818,2024-11-06 13:54:32,27.38,mada
biz_0493-000814,2024-11-06 14:17:58,18.78,cash
biz_0493-000815,2024-11-06 15:19:31,12.55,cash
biz_0493-000822,2024-11-06 15:42:34,36.8,cash
biz_0493-000806,2024-11-06 15:50:10,18.82,mada
biz_0493-000821,2024-11-06 16:31:57,31.97,cash
biz_0493-000807,2024-11-06 16:51:47,25.66,cash
biz_0493-000811,2024-11-06 17:05:57,21.91,mada
biz_0493-000805,2024-11-06 19:35:00,26.43,cash
biz_0493-000809,2024-11-06 19:41:57,28.76,cash
biz_0493-000825,2024-11-06 19:57:07,49.81,cash
biz_0493-000813,2024-11-06 19:58:01,44.74,mada
biz_0493-000810,2024-11-06 21:02:34,35.07,mada
biz_0493-000830,2024-11-07 10:08:39,27.26,mada
biz_0493-000836,2024-11-07 11:17:40,29.26,mada
biz_0493-000840,2024-11-07 11:23:00,35.47,mada
biz_0493-000831,2024-11-07 11:49:24,38.74,cash
biz_0493-000844,2024-11-07 12:31:42,36.57,mada
biz_0493-000832,2024-11-07 12:45:40,33.36,cash
biz_0493-000834,2024-11-07 14:05:05,44.65,mada
biz_0493-000838,2024-11-07 14:13:13,41.19,mada
biz_0493-000827,2024-11-07 14:22:46,16.15,mada
biz_0493-000826,2024-11-07 14:22:50,32.91,mada
biz_0493-000841,2024-11-07 15:55:41,28.53,cash
biz_0493-000829,2024-11-07 15:57:16,34.27,mada
biz_0493-000839,2024-11-07 16:46:32,27.41,mada
biz_0493-000843,2024-11-07 17:48:27,11.54,mada
biz_0493-000828,2024-11-07 18:14:15,13.06,mada
biz_0493-000842,2024-11-07 18:32:29,25.96,cash
biz_0493-000833,2024-11-07 18:41:39,25.86,cash
biz_0493-000837,2024-11-07 19:39:21,40.2,mada
biz_0493-000835,2024-11-07 19:42:51,24.25,cash
biz_0493-000863,2024-11-08 08:06:07,15.9,credit_card
biz_0493-000846,2024-11-08 09:09:55,43.01,mada
biz_0493-000861,2024-11-08 11:26:18,28.42,cash
biz_0493-000859,2024-11-08 11:46:28,30.7,cash
biz_0493-000864,2024-11-08 12:24:20,33.14,mada
biz_0493-000845,2024-11-08 13:08:58,54.0,mada
biz_0493-000853,2024-11-08 13:15:17,55.41,mada
biz_0493-000865,2024-11-08 13:20:31,24.82,mada
biz_0493-000860,2024-11-08 13:34:06,25.48,cash
biz_0493-000848,2024-11-08 14:13:03,23.85,mada
biz_0493-000850,2024-11-08 14:47:56,23.79,cash
biz_0493-000854,2024-11-08 14:51:21,29.6,credit_card
biz_0493-000866,2024-11-08 15:25:11,12.6,credit_card
biz_0493-000856,2024-11-08 15:51:27,14.83,mada
biz_0493-000852,2024-11-08 16:00:05,33.18,mada
biz_0493-000847,2024-11-08 16:24:37,37.47,mada
biz_0493-000858,2024-11-08 16:33:58,54.03,cash
biz_0493-000855,2024-11-08 16:58:14,28.65,credit_card
biz_0493-000849,2024-11-08 17:39:26,25.12,mada
biz_0493-000862,2024-11-08 20:33:43,37.08,credit_card
biz_0493-000857,2024-11-08 20:37:40,33.33,mada
biz_0493-000851,2024-11-08 21:50:05,20.27,cash
biz_0493-000867,2024-11-09 09:22:46,18.57,mada
biz_0493-000879,2024-11-09 09:41:50,26.78,cash
biz_0493-000884,2024-11-09 10:18:46,21.72,mada
biz_0493-000883,2024-11-09 10:46:29,28.06,mada
biz_0493-000875,2024-11-09 11:02:32,33.17,mada
biz_0493-000889,2024-11-09 11:14:18,16.76,mada
biz_0493-000892,2024-11-09 11:19:20,47.23,cash
biz_0493-000888,2024-11-09 11:53:27,22.86,cash
biz_0493-000869,2024-11-09 11:55:26,30.1,mada
biz_0493-000894,2024-11-09 12:10:35,17.16,cash
biz_0493-000878,2024-11-09 12:10:48,32.14,mada
biz_0493-000868,2024-11-09 12:23:38,21.23,cash
biz_0493-000882,2024-11-09 12:27:06,10.59,cash
biz_0493-000872,2024-11-09 12:41:31,22.73,credit_card
biz_0493-000871,2024-11-09 13:13:23,36.82,mada
biz_0493-000876,2024-11-09 13:30:35,28.88,cash
biz_0493-000886,2024-11-09 13:41:24,35.06,credit_card
biz_0493-000891,2024-11-09 14:07:51,15.9,credit_card
biz_0493-000873,2024-11-09 15:08:52,43.07,cash
biz_0493-000885,2024-11-09 15:18:15,19.93,cash
biz_0493-000881,2024-11-09 15:33:17,31.63,credit_card
biz_0493-000874,2024-11-09 16:14:14,19.12,mada
biz_0493-000880,2024-11-09 17:57:43,17.9,mada
biz_0493-000890,2024-11-09 18:02:45,30.16,cash
biz_0493-000877,2024-11-09 18:55:24,26.28,mada
biz_0493-000870,2024-11-09 19:20:46,46.35,cash
biz_0493-000887,2024-11-09 19:38:28,31.26,cash
biz_0493-000893,2024-11-09 20:48:42,17.57,mada
biz_0493-000908,2024-11-10 09:25:41,28.97,credit_card
biz_0493-000910,2024-11-10 09:56:10,13.93,credit_card
biz_0493-000913,2024-11-10 10:13:44,33.2,cash
biz_0493-000917,2024-11-10 11:05:59,29.31,cash
biz_0493-000897,2024-11-10 11:41:54,37.97,mada
biz_0493-000903,2024-11-10 12:21:28,11.45,cash
biz_0493-000915,2024-11-10 12:35:51,20.79,mada
biz_0493-000911,2024-11-10 12:43:10,46.6,mada
biz_0493-000916,2024-11-10 13:22:45,25.29,mada
biz_0493-000902,2024-11-10 13:40:18,24.76,mada
biz_0493-000918,2024-11-10 13:48:02,30.01,cash
biz_0493-000899,2024-11-10 15:44:08,26.59,credit_card
biz_0493-000914,2024-11-10 16:10:42,24.93,credit_card
biz_0493-000895,2024-11-10 16:26:28,26.2,mada
biz_0493-000896,2024-11-10 16:51:25,34.1,mada
biz_0493-000900,2024-11-10 17:08:11,22.03,cash
biz_0493-000907,2024-11-10 17:21:27,33.04,cash
biz_0493-000912,2024-11-10 17:31:13,13.35,mada
biz_0493-000909,2024-11-10 17:55:04,13.23,mada
biz_0493-000905,2024-11-10 18:42:57,30.73,mada
biz_0493-000901,2024-11-10 19:01:54,28.48,mada
biz_0493-000898,2024-11-10 19:29:11,41.81,credit_card
biz_0493-000906,2024-11-10 19:39:19,38.1,cash
biz_0493-000904,2024-11-10 21:46:36,15.06,cash
biz_0493-000941,2024-11-11 08:15:20,21.48,mada
biz_0493-000933,2024-11-11 09:08:23,17.01,cash
biz_0493-000930,2024-11-11 09:26:01,37.66,mada
biz_0493-000920,2024-11-11 09:56:35,14.79,cash
biz_0493-000928,2024-11-11 10:32:51,20.65,credit_card
biz_0493-000919,2024-11-11 11:11:05,27.58,mada
biz_0493-000929,2024-11-11 12:59:07,18.3,cash
biz_0493-000935,2024-11-11 13:13:50,36.89,cash
biz_0493-000936,2024-11-11 13:22:20,39.4,mada
biz_0493-000926,2024-11-11 13:32:01,13.95,mada
biz_0493-000924,2024-11-11 14:15:48,29.35,cash
biz_0493-000932,2024-11-11 14:30:22,38.35,mada
biz_0493-000931,2024-11-11 15:06:40,33.55,cash
biz_0493-000938,2024-11-11 15:45:08,37.35,mada
biz_0493-000925,2024-11-11 16:13:16,26.92,cash
biz_0493-000940,2024-11-11 16:37:44,29.54,mada
biz_0493-000921,2024-11-11 17:15:13,39.93,mada
biz_0493-000927,2024-11-11 17:32:41,26.12,mada
biz_0493-000923,2024-11-11 18:00:07,27.34,mada
biz_0493-000937,2024-11-11 18:12:21,23.19,mada
biz_0493-000922,2024-11-11 18:39:32,42.08,cash
biz_0493-000939,2024-11-11 18:48:26,28.87,cash
biz_0493-000934,2024-11-11 19:20:25,18.02,cash
biz_0493-000951,2024-11-12 09:33:26,16.08,cash
biz_0493-000964,2024-11-12 10:02:18,18.48,mada
biz_0493-000943,2024-11-12 10:12:40,61.05,cash
biz_0493-000946,2024-11-12 10:24:52,29.48,cash
biz_0493-000954,2024-11-12 10:40:48,22.25,mada
biz_0493-000950,2024-11-12 10:54:47,42.06,cash
biz_0493-000948,2024-11-12 10:55:47,13.3,cash
biz_0493-000961,2024-11-12 11:13:47,32.92,mada
biz_0493-000960,2024-11-12 11:45:14,13.63,cash
biz_0493-000942,2024-11-12 12:21:19,17.5,mada
biz_0493-000955,2024-11-12 12:56:06,30.69,mada
biz_0493-000959,2024-11-12 13:07:37,37.42,cash
biz_0493-000958,2024-11-12 13:33:48,20.64,mada
biz_0493-000947,2024-11-12 14:02:06,19.01,cash
biz_0493-000965,2024-11-12 14:19:54,18.13,cash
biz_0493-000957,2024-11-12 14:38:43,42.48,cash
biz_0493-000949,2024-11-12 16:13:01,45.86,mada
biz_0493-000953,2024-11-12 16:54:13,16.08,cash
biz_0493-000956,2024-11-12 17:40:43,34.86,mada
biz_0493-000966,2024-11-12 17:50:47,29.73,mada
biz_0493-000952,2024-11-12 18:17:53,31.47,cash
biz_0493-000963,2024-11-12 18:24:42,13.4,mada
biz_0493-000944,2024-11-12 18:36:42,20.81,mada
biz_0493-000945,2024-11-12 19:14:45,12.46,cash
biz_0493-000962,2024-11-12 19:54:59,29.15,cash
biz_0493-000975,2024-11-15 09:07:10,19.86,mada
biz_0493-000967,2024-11-15 09:42:36,28.63,mada
biz_0493-000974,2024-11-15 10:01:17,21.65,mada
biz_0493-000979,2024-11-15 11:04:18,43.1,cash
biz_0493-000977,2024-11-15 11:37:45,22.58,mada
biz_0493-000971,2024-11-15 12:09:28,37.11,cash
biz_0493-000981,2024-11-15 12:30:13,51.12,credit_card
biz_0493-000982,2024-11-15 12:56:59,18.37,credit_card
biz_0493-000983,2024-11-15 13:22:12,23.41,mada
biz_0493-000969,2024-11-15 13:27:26,19.32,mada
biz_0493-000986,2024-11-15 13:50:40,19.08,mada
biz_0493-000985,2024-11-15 14:17:36,18.48,credit_card
biz_0493-000970,2024-11-15 15:36:54,27.76,mada
biz_0493-000988,2024-11-15 16:23:35,12.75,mada
biz_0493-000968,2024-11-15 16:41:47,27.04,mada
biz_0493-000976,2024-11-15 17:27:43,32.61,mada
biz_0493-000973,2024-11-15 18:00:58,23.96,mada
biz_0493-000984,2024-11-15 18:08:40,25.93,credit_card
biz_0493-000987,2024-11-15 18:26:11,40.46,cash
biz_0493-000978,2024-11-15 19:55:31,29.55,cash
biz_0493-000972,2024-11-15 20:22:59,38.01,cash
biz_0493-000980,2024-11-15 20:28:50,57.21,credit_card
biz_0493-000998,2024-11-16 08:19:19,32.94,cash
biz_0493-000997,2024-11-16 09:21:44,14.45,cash
biz_0493-000992,2024-11-16 09:53:06,43.5,mada
biz_0493-001007,2024-11-16 10:34:34,28.2,cash
biz_0493-000989,2024-11-16 10:35:57,26.08,mada
biz_0493-001001,2024-11-16 10:41:20,30.27,cash
biz_0493-001003,2024-11-16 11:52:17,22.55,cash
biz_0493-001010,2024-11-16 12:44:39,61.61,mada
biz_0493-001006,2024-11-16 13:27:13,30.78,cash
biz_0493-000993,2024-11-16 13:28:05,16.9,mada
biz_0493-000991,2024-11-16 13:40:39,21.99,mada
biz_0493-001002,2024-11-16 14:08:33,40.58,mada
biz_0493-000996,2024-11-16 15:05:01,18.72,cash
biz_0493-001005,2024-11-16 15:06:12,15.01,mada
biz_0493-001009,2024-11-16 15:38:09,31.03,mada
biz_0493-001000,2024-11-16 15:52:57,12.73,mada
biz_0493-000999,2024-11-16 16:51:05,24.9,mada
biz_0493-001008,2024-11-16 17:06:05,64.01,cash
biz_0493-000994,2024-11-16 17:14:10,38.2,mada
biz_0493-000995,2024-11-16 17:39:09,29.52,cash
biz_0493-001004,2024-11-16 19:09:23,17.23,mada
biz_0493-000990,2024-11-16 19:22:03,26.18,cash
biz_0493-001011,2024-11-16 21:24:31,30.19,cash
biz_0493-001030,2024-11-17 08:09:35,30.22,mada
biz_0493-001014,2024-11-17 09:01:23,26.72,cash
biz_0493-001018,2024-11-17 09:24:31,48.43,mada
biz_0493-001016,2024-11-17 10:27:52,31.78,mada
biz_0493-001024,2024-11-17 10:47:09,18.53,credit_card
biz_0493-001031,2024-11-17 11:08:06,30.87,mada
biz_0493-001032,2024-11-17 11:38:51,21.12,credit_card
biz_0493-001026,2024-11-17 11:40:21,12.96,cash
biz_0493-001013,2024-11-17 12:03:29,21.45,cash
biz_0493-001021,2024-11-17 12:10:42,22.12,mada
biz_0493-001022,2024-11-17 13:40:23,20.74,mada
biz_0493-001017,2024-11-17 14:49:05,22.57,mada
biz_0493-001025,2024-11-17 14:56:13,33.23,mada
biz_0493-001015,2024-11-17 15:08:53,16.73,mada
biz_0493-001023,2024-11-17 15:44:42,24.87,mada
biz_0493-001019,2024-11-17 15:51:21,21.72,mada
biz_0493-001020,2024-11-17 17:18:15,43.26,mada
biz_0493-001027,2024-11-17 17:30:48,22.08,cash
biz_0493-001029,2024-11-17 18:39:59,46.3,credit_card
biz_0493-001028,2024-11-17 18:40:34,45.11,cash
biz_0493-001012,2024-11-17 18:57:55,29.16,mada
biz_0493-001049,2024-11-18 09:41:38,11.07,credit_card
biz_0493-001048,2024-11-18 10:30:11,35.05,mada
biz_0493-001037,2024-11-18 10:36:54,42.37,cash
biz_0493-001038,2024-11-18 11:29:27,18.64,mada
biz_0493-001044,2024-11-18 11:31:15,11.06,cash
biz_0493-001047,2024-11-18 12:50:08,24.95,cash
biz_0493-001041,2024-11-18 12:51:43,28.87,mada
biz_0493-001035,2024-11-18 13:12:17,14.37,mada
biz_0493-001050,2024-11-18 13:30:37,30.72,cash
biz_0493-001040,2024-11-18 13:43:32,16.56,mada
biz_0493-001033,2024-11-18 15:33:22,19.95,mada
biz_0493-001039,2024-11-18 15:50:36,13.39,cash
biz_0493-001034,2024-11-18 15:52:51,17.41,mada
biz_0493-001036,2024-11-18 16:18:50,30.19,mada
biz_0493-001046,2024-11-18 16:29:37,28.33,cash
biz_0493-001045,2024-11-18 16:39:24,36.9,cash
biz_0493-001042,2024-11-18 17:28:14,49.06,mada
biz_0493-001043,2024-11-18 20:52:41,13.3,credit_card
biz_0493-001063,2024-11-19 09:46:07,36.48,mada
biz_0493-001057,2024-11-19 10:19:17,13.61,mada
biz_0493-001067,2024-11-19 10:37:00,22.64,credit_card
biz_0493-001051,2024-11-19 10:59:59,19.62,credit_card
biz_0493-001066,2024-11-19 11:16:09,40.84,mada
biz_0493-001058,2024-11-19 11:42:37,24.65,mada
biz_0493-001068,2024-11-19 12:03:48,25.76,mada
biz_0493-001053,2024-11-19 12:12:00,22.68,credit_card
biz_0493-001062,2024-11-19 12:14:53,25.32,cash
biz_0493-001061,2024-11-19 12:28:33,44.49,cash
biz_0493-001070,2024-11-19 13:23:07,18.7,mada
biz_0493-001069,2024-11-19 13:59:18,28.78,cash
biz_0493-001064,2024-11-19 15:52:51,16.51,cash
biz_0493-001059,2024-11-19 16:01:45,15.32,cash
biz_0493-001060,2024-11-19 16:37:02,29.82,cash
biz_0493-001055,2024-11-19 17:07:04,22.02,mada
biz_0493-001052,2024-11-19 17:42:26,26.44,cash
biz_0493-001071,2024-11-19 18:12:47,36.26,cash
biz_0493-001054,2024-11-19 19:32:35,36.35,cash
biz_0493-001065,2024-11-19 19:41:29,34.68,cash
biz_0493-001056,2024-11-19 21:42:45,25.64,mada
biz_0493-001074,2024-11-21 08:54:00,20.02,cash
biz_0493-001077,2024-11-21 10:10:47,56.64,mada
biz_0493-001092,2024-11-21 10:12:10,32.6,cash
biz_0493-001073,2024-11-21 10:37:37,34.85,mada
biz_0493-001082,2024-11-21 10:55:39,23.81,cash
biz_0493-001090,2024-11-21 11:13:09,49.67,mada
biz_0493-001091,2024-11-21 11:16:19,18.75,cash
biz_0493-001087,2024-11-21 11:36:46,38.49,mada
biz_0493-001076,2024-11-21 11:42:34,20.51,mada
biz_0493-001080,2024-11-21 13:40:04,32.54,cash
biz_0493-001072,2024-11-21 13:55:50,32.75,credit_card
biz_0493-001083,2024-11-21 15:34:20,19.88,cash
biz_0493-001081,2024-11-21 16:48:47,15.65,mada
biz_0493-001089,2024-11-21 17:36:17,24.62,credit_card
biz_0493-001079,2024-11-21 17:50:09,23.57,cash
biz_0493-001086,2024-11-21 18:22:57,34.24,cash
biz_0493-001085,2024-11-21 18:43:17,23.7,mada
biz_0493-001084,2024-11-21 18:53:02,45.94,credit_card
biz_0493-001075,2024-11-21 20:00:08,29.08,mada
biz_0493-001088,2024-11-21 22:33:54,20.38,credit_card
biz_0493-001078,2024-11-21 22:43:40,20.41,mada
biz_0493-001100,2024-11-22 09:05:45,26.81,cash
biz_0493-001101,2024-11-22 09:20:08,19.37,mada
biz_0493-001105,2024-11-22 09:30:06,44.07,mada
biz_0493-001110,2024-11-22 09:37:26,52.15,mada
biz_0493-001108,2024-11-22 10:22:04,43.26,cash
biz_0493-001112,2024-11-22 10:30:06,20.36,mada
biz_0493-001098,2024-11-22 11:31:12,31.33,mada
biz_0493-001097,2024-11-22 11:33:13,14.01,mada
biz_0493-001096,2024-11-22 11:42:31,21.91,mada
biz_0493-001107,2024-11-22 12:57:08,40.56,cash
biz_0493-001111,2024-11-22 12:58:10,43.07,credit_card
biz_0493-001103,2024-11-22 15:01:25,24.94,cash
biz_0493-001106,2024-11-22 15:47:51,25.56,mada
biz_0493-001102,2024-11-22 15:54:15,18.42,mada
biz_0493-001113,2024-11-22 16:03:27,74.82,cash
biz_0493-001099,2024-11-22 16:14:14,26.1,cash
biz_0493-001104,2024-11-22 16:40:59,23.66,cash
biz_0493-001093,2024-11-22 16:47:08,40.62,cash
biz_0493-001109,2024-11-22 16:51:45,36.96,cash
biz_0493-001095,2024-11-22 18:02:15,22.91,mada
biz_0493-001094,2024-11-22 18:21:31,32.24,mada
biz_0493-001114,2024-11-22 18:26:09,18.23,mada
biz_0493-001117,2024-11-23 10:38:41,31.63,mada
biz_0493-001122,2024-11-23 10:40:55,29.86,mada
biz_0493-001120,2024-11-23 12:06:27,35.64,mada
biz_0493-001132,2024-11-23 12:27:26,34.88,cash
biz_0493-001135,2024-11-23 12:38:17,21.03,cash
biz_0493-001131,2024-11-23 12:50:42,22.99,mada
biz_0493-001124,2024-11-23 12:52:45,23.0,mada
biz_0493-001128,2024-11-23 12:59:20,30.46,mada
biz_0493-001126,2024-11-23 14:05:16,24.3,mada
biz_0493-001133,2024-11-23 14:26:23,41.54,mada
biz_0493-001119,2024-11-23 15:09:49,17.26,mada
biz_0493-001123,2024-11-23 15:23:52,60.34,mada
biz_0493-001118,2024-11-23 15:36:19,35.16,cash
biz_0493-001125,2024-11-23 15:37:31,10.84,cash
biz_0493-001129,2024-11-23 15:45:46,27.02,mada
biz_0493-001134,2024-11-23 16:11:20,43.66,credit_card
biz_0493-001115,2024-11-23 16:15:48,46.68,cash
biz_0493-001121,2024-11-23 16:20:47,32.33,cash
biz_0493-001127,2024-11-23 16:20:55,47.44,mada
biz_0493-001116,2024-11-23 17:31:15,20.44,cash
biz_0493-001130,2024-11-23 17:45:03,24.53,mada
biz_0493-001146,2024-11-25 09:40:09,28.27,mada
biz_0493-001149,2024-11-25 10:10:22,20.99,cash
biz_0493-001137,2024-11-25 10:22:21,18.88,mada
biz_0493-001143,2024-11-25 11:00:57,19.93,mada
biz_0493-001138,2024-11-25 12:24:30,13.62,mada
biz_0493-001142,2024-11-25 12:36:22,34.84,mada
biz_0493-001150,2024-11-25 12:49:35,19.76,credit_card
biz_0493-001140,2024-11-25 13:02:56,44.03,cash
biz_0493-001148,2024-11-25 14:36:28,22.68,mada
biz_0493-001155,2024-11-25 15:40:53,58.3,mada
biz_0493-001152,2024-11-25 16:08:56,12.34,mada
biz_0493-001147,2024-11-25 16:36:44,11.33,cash
biz_0493-001154,2024-11-25 17:17:11,27.94,mada
biz_0493-001141,2024-11-25 17:22:55,24.2,mada
biz_0493-001136,2024-11-25 17:23:14,23.6,mada
biz_0493-001144,2024-11-25 17:42:20,21.69,mada
biz_0493-001139,2024-11-25 18:33:23,31.43,cash
biz_0493-001145,2024-11-25 19:08:08,22.03,cash
biz_0493-001151,2024-11-25 19:58:13,9.56,mada
biz_0493-001153,2024-11-25 20:07:43,13.23,mada
biz_0493-001174,2024-11-27 09:52:45,32.16,credit_card
biz_0493-001157,2024-11-27 10:05:40,40.71,cash
biz_0493-001169,2024-11-27 10:14:26,14.55,mada
biz_0493-001175,2024-11-27 10:22:05,55.33,mada
biz_0493-001165,2024-11-27 11:18:38,17.58,mada
biz_0493-001176,2024-11-27 12:13:17,18.5,cash
biz_0493-001171,2024-11-27 13:00:08,26.83,cash
biz_0493-001173,2024-11-27 13:45:24,33.5,credit_card
biz_0493-001159,2024-11-27 15:41:31,29.17,mada
biz_0493-001156,2024-11-27 16:01:51,18.48,credit_card
biz_0493-001163,2024-11-27 16:07:56,15.67,cash
biz_0493-001166,2024-11-27 16:28:42,13.32,mada
biz_0493-001164,2024-11-27 16:30:44,15.11,mada
biz_0493-001170,2024-11-27 16:45:48,32.43,mada
biz_0493-001168,2024-11-27 16:49:11,17.08,mada
biz_0493-001162,2024-11-27 17:59:52,16.1,mada
biz_0493-001172,2024-11-27 18:10:45,36.21,credit_card
biz_0493-001160,2024-11-27 18:20:24,20.56,mada
biz_0493-001167,2024-11-27 19:01:55,30.95,cash
biz_0493-001158,2024-11-27 19:47:45,30.68,cash
biz_0493-001177,2024-11-27 20:35:40,19.53,cash
biz_0493-001161,2024-11-27 21:02:12,13.23,mada
biz_0493-001191,2024-11-29 08:11:53,18.46,cash
biz_0493-001194,2024-11-29 08:21:44,19.11,mada
biz_0493-001196,2024-11-29 08:26:37,19.29,mada
biz_0493-001193,2024-11-29 09:29:29,18.77,mada
biz_0493-001187,2024-11-29 09:54:45,34.18,cash
biz_0493-001190,2024-11-29 09:56:36,26.44,mada
biz_0493-001198,2024-11-29 10:35:18,13.08,mada
biz_0493-001195,2024-11-29 11:04:20,24.7,cash
biz_0493-001192,2024-11-29 11:19:10,51.84,cash
biz_0493-001186,2024-11-29 11:27:12,24.71,credit_card
biz_0493-001181,2024-11-29 12:00:49,48.44,cash
biz_0493-001180,2024-11-29 12:35:35,33.47,mada
biz_0493-001178,2024-11-29 14:01:11,23.06,credit_card
biz_0493-001205,2024-11-29 14:05:56,17.33,mada
biz_0493-001203,2024-11-29 14:25:14,17.42,cash
biz_0493-001202,2024-11-29 14:36:08,19.24,mada
biz_0493-001182,2024-11-29 14:43:22,12.53,mada
biz_0493-001206,2024-11-29 15:00:34,34.07,cash
biz_0493-001185,2024-11-29 15:01:01,16.63,cash
biz_0493-001184,2024-11-29 15:01:43,51.88,cash
biz_0493-001189,2024-11-29 15:14:19,24.56,mada
biz_0493-001207,2024-11-29 16:16:12,29.97,mada
biz_0493-001188,2024-11-29 16:39:29,29.79,mada
biz_0493-001197,2024-11-29 16:47:24,21.93,cash
biz_0493-001200,2024-11-29 16:53:35,29.75,mada
biz_0493-001204,2024-11-29 17:22:36,33.2,mada
biz_0493-001201,2024-11-29 17:52:49,11.98,cash
biz_0493-001199,2024-11-29 18:59:51,23.66,cash
biz_0493-001183,2024-11-29 19:35:31,40.34,mada
biz_0493-001179,2024-11-29 19:51:01,35.54,cash
biz_0493-001212,2024-11-30 07:05:40,31.06,credit_card
biz_0493-001222,2024-11-30 08:13:57,22.87,cash
biz_0493-001224,2024-11-30 08:47:19,19.13,cash
biz_0493-001228,2024-11-30 09:14:25,22.34,mada
biz_0493-001232,2024-11-30 09:31:32,29.93,mada
biz_0493-001221,2024-11-30 09:59:36,25.65,mada
biz_0493-001215,2024-11-30 10:12:17,27.3,mada
biz_0493-001217,2024-11-30 10:22:08,29.52,credit_card
biz_0493-001210,2024-11-30 10:25:30,38.1,mada
biz_0493-001227,2024-11-30 10:26:54,29.78,mada
biz_0493-001229,2024-11-30 10:42:10,25.03,mada
biz_0493-001225,2024-11-30 10:46:04,20.68,cash
biz_0493-001236,2024-11-30 10:49:56,34.34,mada
biz_0493-001235,2024-11-30 12:19:01,25.48,credit_card
biz_0493-001209,2024-11-30 13:20:47,18.0,mada
biz_0493-001213,2024-11-30 13:21:59,31.94,mada
biz_0493-001219,2024-11-30 13:28:49,19.83,cash
biz_0493-001231,2024-11-30 13:30:24,37.25,cash
biz_0493-001211,2024-11-30 13:43:01,12.88,cash
biz_0493-001220,2024-11-30 14:01:40,50.47,mada
biz_0493-001214,2024-11-30 14:34:58,56.02,cash
biz_0493-001237,2024-11-30 15:25:46,23.07,cash
biz_0493-001216,2024-11-30 16:37:40,33.42,cash
biz_0493-001230,2024-11-30 16:56:25,11.99,cash
biz_0493-001233,2024-11-30 17:11:34,37.77,mada
biz_0493-001226,2024-11-30 17:29:51,27.18,cash
biz_0493-001234,2024-11-30 17:59:12,24.24,mada
biz_0493-001223,2024-11-30 18:54:08,21.98,cash
biz_0493-001218,2024-11-30 20:00:19,20.23,cash
biz_0493-001208,2024-11-30 20:37:01,22.25,cash
biz_0493-001238,2024-12-03 09:43:09,36.76,cash
biz_0493-001247,2024-12-03 10:00:34,17.14,mada
biz_0493-001251,2024-12-03 10:19:40,28.41,mada
biz_0493-001243,2024-12-03 10:38:51,25.55,cash
biz_0493-001246,2024-12-03 10:46:01,49.03,mada
biz_0493-001255,2024-12-03 11:46:31,19.41,mada
biz_0493-001253,2024-12-03 11:47:12,19.5,cash
biz_0493-001244,2024-12-03 12:44:43,26.81,credit_card
biz_0493-001249,2024-12-03 13:15:58,15.06,cash
biz_0493-001252,2024-12-03 13:42:23,20.26,cash
biz_0493-001250,2024-12-03 14:45:44,51.01,cash
biz_0493-001240,2024-12-03 16:10:48,41.3,cash
biz_0493-001254,2024-12-03 16:24:07,20.18,cash
biz_0493-001248,2024-12-03 16:46:11,32.04,cash
biz_0493-001242,2024-12-03 17:11:48,24.79,mada
biz_0493-001245,2024-12-03 18:14:04,31.37,mada
biz_0493-001241,2024-12-03 19:23:19,32.52,mada
biz_0493-001239,2024-12-03 19:35:06,23.8,cash
biz_0493-001260,2024-12-04 08:52:30,11.18,mada
biz_0493-001256,2024-12-04 09:18:42,19.59,mada
biz_0493-001278,2024-12-04 09:33:50,59.14,cash
biz_0493-001262,2024-12-04 10:38:16,14.39,mada
biz_0493-001268,2024-12-04 10:44:12,23.85,cash
biz_0493-001275,2024-12-04 11:13:49,68.11,cash
biz_0493-001267,2024-12-04 11:16:26,44.32,mada
biz_0493-001271,2024-12-04 11:16:47,19.57,cash
biz_0493-001257,2024-12-04 11:44:19,17.09,cash
biz_0493-001276,2024-12-04 12:33:27,20.82,mada
biz_0493-001264,2024-12-04 12:38:23,26.43,cash
biz_0493-001273,2024-12-04 12:46:09,41.73,mada
biz_0493-001277,2024-12-04 13:03:35,49.95,mada
biz_0493-001263,2024-12-04 13:42:35,15.89,credit_card
biz_0493-001270,2024-12-04 15:24:37,33.39,cash
biz_0493-001274,2024-12-04 15:43:37,24.01,cash
biz_0493-001272,2024-12-04 16:28:10,22.19,mada
biz_0493-001269,2024-12-04 17:08:15,30.93,mada
biz_0493-001261,2024-12-04 17:23:42,34.85,cash
biz_0493-001258,2024-12-04 18:19:05,32.73,cash
biz_0493-001259,2024-12-04 18:32:01,12.14,mada
biz_0493-001265,2024-12-04 19:25:49,34.46,cash
biz_0493-001266,2024-12-04 20:45:22,21.66,cash
biz_0493-001294,2024-12-05 09:08:52,29.12,mada
biz_0493-001288,2024-12-05 09:23:29,23.28,cash
biz_0493-001282,2024-12-05 09:48:27,41.69,mada
biz_0493-001286,2024-12-05 10:06:54,58.45,cash
biz_0493-001303,2024-12-05 10:17:09,52.12,credit_card
biz_0493-001299,2024-12-05 10:52:57,19.16,mada
biz_0493-001293,2024-12-05 11:07:47,36.19,cash
biz_0493-001292,2024-12-05 11:14:37,29.51,mada
biz_0493-001304,2024-12-05 11:26:20,33.95,cash
biz_0493-001287,2024-12-05 11:41:22,22.89,credit_card
biz_0493-001284,2024-12-05 11:53:33,26.61,credit_card
biz_0493-001289,2024-12-05 11:58:12,20.33,cash
biz_0493-001279,2024-12-05 12:07:47,27.92,cash
biz_0493-001283,2024-12-05 12:37:17,14.0,credit_card
biz_0493-001301,2024-12-05 13:03:14,37.42,mada
biz_0493-001296,2024-12-05 13:59:02,19.94,cash
biz_0493-001300,2024-12-05 15:04:08,13.94,mada
biz_0493-001291,2024-12-05 15:15:43,17.85,mada
biz_0493-001298,2024-12-05 15:34:38,27.09,mada
biz_0493-001281,2024-12-05 16:01:00,21.57,cash
biz_0493-001280,2024-12-05 16:29:57,32.57,mada
biz_0493-001285,2024-12-05 16:33:11,26.33,mada
biz_0493-001295,2024-12-05 17:12:08,38.83,mada
biz_0493-001290,2024-12-05 17:47:54,13.86,credit_card
biz_0493-001297,2024-12-05 18:42:18,19.51,mada
biz_0493-001302,2024-12-05 19:20:27,14.59,mada
biz_0493-001332,2024-12-06 07:22:57,27.8,mada
biz_0493-001311,2024-12-06 08:45:28,12.99,credit_card
biz_0493-001319,2024-12-06 08:53:20,22.71,mada
biz_0493-001324,2024-12-06 09:47:45,25.31,credit_card
biz_0493-001330,2024-12-06 10:16:16,53.86,mada
biz_0493-001321,2024-12-06 10:20:16,36.79,cash
biz_0493-001327,2024-12-06 10:25:29,18.96,mada
biz_0493-001326,2024-12-06 11:30:18,18.2,credit_card
biz_0493-001325,2024-12-06 11:45:01,38.9,credit_card
biz_0493-001331,2024-12-06 11:50:01,23.39,cash
biz_0493-001320,2024-12-06 12:11:41,19.89,cash
biz_0493-001312,2024-12-06 12:34:12,11.39,mada
biz_0493-001310,2024-12-06 13:54:00,20.38,cash
biz_0493-001309,2024-12-06 14:22:52,15.57,mada
biz_0493-001315,2024-12-06 14:35:54,37.52,cash
biz_0493-001317,2024-12-06 14:46:55,16.04,cash
biz_0493-001314,2024-12-06 14:52:35,14.16,credit_card
biz_0493-001308,2024-12-06 14:55:23,31.82,mada
biz_0493-001334,2024-12-06 15:09:58,18.08,cash
biz_0493-001318,2024-12-06 15:19:10,15.78,mada
biz_0493-001306,2024-12-06 15:31:46,25.46,mada
biz_0493-001335,2024-12-06 15:41:34,22.0,mada
biz_0493-001313,2024-12-06 16:29:30,32.92,cash
biz_0493-001333,2024-12-06 16:35:00,13.31,cash
biz_0493-001316,2024-12-06 16:49:00,18.74,credit_card
biz_0493-001323,2024-12-06 17:15:48,27.09,mada
biz_0493-001328,2024-12-06 17:57:56,20.1,cash
biz_0493-001322,2024-12-06 18:27:29,22.15,mada
biz_0493-001307,2024-12-06 19:39:49,34.53,mada
biz_0493-001305,2024-12-06 19:45:03,15.72,mada
biz_0493-001329,2024-12-06 19:46:31,12.72,mada
biz_0493-001353,2024-12-07 10:00:38,30.73,mada
biz_0493-001339,2024-12-07 10:03:24,20.55,mada
biz_0493-001348,2024-12-07 11:00:24,19.64,mada
biz_0493-001343,2024-12-07 11:44:31,12.56,mada
biz_0493-001342,2024-12-07 11:58:24,34.08,mada
biz_0493-001336,2024-12-07 12:58:24,20.68,mada
biz_0493-001345,2024-12-07 13:21:33,13.38,cash
biz_0493-001337,2024-12-07 13:55:40,19.32,mada
biz_0493-001350,2024-12-07 14:18:00,37.95,mada
biz_0493-001349,2024-12-07 15:16:37,40.02,mada
biz_0493-001341,2024-12-07 15:39:02,28.95,mada
biz_0493-001351,2024-12-07 16:09:13,22.07,mada
biz_0493-001347,2024-12-07 16:42:44,13.36,mada
biz_0493-001340,2024-12-07 16:48:35,11.87,mada
biz_0493-001346,2024-12-07 17:28:42,40.9,credit_card
biz_0493-001344,2024-12-07 17:39:54,44.84,cash
biz_0493-001352,2024-12-07 18:33:43,15.9,mada
biz_0493-001338,2024-12-07 21:49:22,22.51,mada
biz_0493-001357,2024-12-08 09:13:28,32.66,mada
biz_0493-001361,2024-12-08 10:01:52,11.24,mada
biz_0493-001372,2024-12-08 10:08:58,31.77,mada
biz_0493-001364,2024-12-08 10:16:25,22.62,cash
biz_0493-001356,2024-12-08 10:48:14,28.74,mada
biz_0493-001354,2024-12-08 11:03:13,31.57,credit_card
biz_0493-001370,2024-12-08 11:49:04,31.99,cash
biz_0493-001360,2024-12-08 11:54:35,55.27,mada
biz_0493-001365,2024-12-08 12:35:50,17.42,cash
biz_0493-001363,2024-12-08 12:47:33,16.63,cash
biz_0493-001355,2024-12-08 13:05:08,15.21,credit_card
biz_0493-001362,2024-12-08 13:30:39,40.91,mada
biz_0493-001369,2024-12-08 13:31:13,11.87,credit_card
biz_0493-001358,2024-12-08 13:51:51,23.0,cash
biz_0493-001368,2024-12-08 16:41:27,27.53,mada
biz_0493-001367,2024-12-08 16:59:34,15.9,cash
biz_0493-001366,2024-12-08 18:35:48,40.65,credit_card
biz_0493-001371,2024-12-08 18:42:22,31.4,cash
biz_0493-001359,2024-12-08 18:57:40,27.53,cash
biz_0493-001384,2024-12-09 07:26:04,9.12,mada
biz_0493-001382,2024-12-09 08:34:46,19.68,cash
biz_0493-001395,2024-12-09 10:12:11,18.52,mada
biz_0493-001380,2024-12-09 11:25:54,21.55,mada
biz_0493-001394,2024-12-09 11:59:01,20.82,cash
biz_0493-001392,2024-12-09 12:03:00,21.83,credit_card
biz_0493-001399,2024-12-09 12:21:19,24.44,mada
biz_0493-001374,2024-12-09 12:41:59,25.47,credit_card
biz_0493-001397,2024-12-09 12:48:01,26.19,mada
biz_0493-001393,2024-12-09 12:57:48,43.22,mada
biz_0493-001376,2024-12-09 13:12:32,18.57,cash
biz_0493-001387,2024-12-09 13:17:23,32.21,mada
biz_0493-001373,2024-12-09 14:38:47,25.84,cash
biz_0493-001379,2024-12-09 14:45:30,14.65,credit_card
biz_0493-001389,2024-12-09 14:51:45,26.14,mada
biz_0493-001375,2024-12-09 14:59:40,33.65,cash
biz_0493-001391,2024-12-09 15:01:30,24.04,cash
biz_0493-001396,2024-12-09 15:08:22,40.59,mada
biz_0493-001383,2024-12-09 15:39:41,22.24,cash
biz_0493-001378,2024-12-09 16:14:14,30.36,mada
biz_0493-001385,2024-12-09 16:14:28,11.75,mada
biz_0493-001381,2024-12-09 16:27:58,16.13,mada
biz_0493-001390,2024-12-09 16:46:14,24.03,cash
biz_0493-001377,2024-12-09 17:11:26,39.57,cash
biz_0493-001386,2024-12-09 17:23:27,17.44,mada
biz_0493-001400,2024-12-09 17:25:38,23.35,credit_card
biz_0493-001388,2024-12-09 17:34:59,33.12,cash
biz_0493-001401,2024-12-09 17:46:07,29.25,mada
biz_0493-001398,2024-12-09 17:51:05,21.16,cash
biz_0493-001418,2024-12-10 08:21:53,15.69,mada
biz_0493-001408,2024-12-10 09:12:35,19.97,cash
biz_0493-001406,2024-12-10 09:15:13,37.57,cash
biz_0493-001402,2024-12-10 10:01:55,24.35,cash
biz_0493-001420,2024-12-10 10:18:17,27.71,mada
biz_0493-001422,2024-12-10 10:33:03,25.01,cash
biz_0493-001403,2024-12-10 10:43:28,26.63,cash
biz_0493-001417,2024-12-10 10:43:42,15.9,mada
biz_0493-001409,2024-12-10 10:51:57,13.15,mada
biz_0493-001410,2024-12-10 11:06:20,15.05,cash
biz_0493-001419,2024-12-10 11:19:39,71.8,mada
biz_0493-001407,2024-12-10 11:35:05,22.99,credit_card
biz_0493-001404,2024-12-10 13:25:43,32.41,mada
biz_0493-001414,2024-12-10 13:31:23,28.72,mada
biz_0493-001411,2024-12-10 13:38:50,18.58,mada
biz_0493-001412,2024-12-10 14:35:26,29.41,cash
biz_0493-001416,2024-12-10 16:40:23,22.95,mada
biz_0493-001413,2024-12-10 16:43:59,19.64,mada
biz_0493-001415,2024-12-10 16:52:20,53.39,cash
biz_0493-001421,2024-12-10 17:26:32,24.55,mada
biz_0493-001405,2024-12-10 18:57:56,16.76,mada
biz_0493-001438,2024-12-11 09:07:06,26.82,mada
biz_0493-001424,2024-12-11 09:24:46,25.19,credit_card
biz_0493-001451,2024-12-11 09:25:43,50.81,cash
biz_0493-001428,2024-12-11 09:39:58,39.12,cash
biz_0493-001426,2024-12-11 10:18:10,20.61,mada
biz_0493-001446,2024-12-11 11:02:56,24.98,mada
biz_0493-001450,2024-12-11 11:12:45,19.5,cash
biz_0493-001439,2024-12-11 11:13:55,47.13,cash
biz_0493-001442,2024-12-11 11:23:02,34.41,mada
biz_0493-001454,2024-12-11 11:31:06,29.59,mada
biz_0493-001447,2024-12-11 11:58:21,28.25,mada
biz_0493-001437,2024-12-11 13:12:00,20.41,cash
biz_0493-001432,2024-12-11 13:49:23,34.5,cash
biz_0493-001443,2024-12-11 14:02:47,22.56,mada
biz_0493-001448,2024-12-11 14:05:00,34.87,mada
biz_0493-001453,2024-12-11 14:25:42,23.89,credit_card
biz_0493-001440,2024-12-11 14:27:50,22.27,mada
biz_0493-001449,2024-12-11 15:05:04,32.2,mada
biz_0493-001434,2024-12-11 15:22:56,26.77,credit_card
biz_0493-001445,2024-12-11 16:09:21,27.69,mada
biz_0493-001435,2024-12-11 16:20:35,16.6,cash
biz_0493-001452,2024-12-11 16:38:59,23.75,mada
biz_0493-001436,2024-12-11 16:44:09,49.83,cash
biz_0493-001433,2024-12-11 16:57:10,20.23,mada
biz_0493-001455,2024-12-11 17:32:19,44.77,mada
biz_0493-001429,2024-12-11 17:58:55,21.95,credit_card
biz_0493-001425,2024-12-11 18:04:37,29.51,mada
biz_0493-001427,2024-12-11 18:24:10,12.24,mada
biz_0493-001423,2024-12-11 18:40:43,31.74,mada
biz_0493-001430,2024-12-11 18:52:48,27.83,cash
biz_0493-001431,2024-12-11 19:11:25,35.12,mada
biz_0493-001444,2024-12-11 19:29:54,49.37,cash
biz_0493-001441,2024-12-11 19:51:09,30.07,mada
biz_0493-001475,2024-12-12 09:04:51,20.68,mada
biz_0493-001468,2024-12-12 09:11:30,24.58,mada
biz_0493-001482,2024-12-12 09:14:55,69.25,mada
biz_0493-001479,2024-12-12 10:32:50,11.97,cash
biz_0493-001481,2024-12-12 10:33:17,27.94,mada
biz_0493-001467,2024-12-12 11:18:11,32.41,mada
biz_0493-001466,2024-12-12 11:32:16,17.5,mada
biz_0493-001470,2024-12-12 11:46:04,24.99,cash
biz_0493-001463,2024-12-12 11:59:36,23.33,cash
biz_0493-001483,2024-12-12 12:02:05,13.93,mada
biz_0493-001473,2024-12-12 12:02:46,20.66,mada
biz_0493-001461,2024-12-12 12:21:42,44.72,mada
biz_0493-001486,2024-12-12 12:45:28,44.4,cash
biz_0493-001471,2024-12-12 13:04:45,48.76,credit_card
biz_0493-001480,2024-12-12 13:19:30,40.24,mada
biz_0493-001457,2024-12-12 14:37:55,31.05,mada
biz_0493-001459,2024-12-12 14:48:02,40.84,mada
biz_0493-001460,2024-12-12 14:55:51,35.84,mada
biz_0493-001485,2024-12-12 15:16:30,30.55,mada
biz_0493-001472,2024-12-12 15:16:35,21.71,mada
biz_0493-001462,2024-12-12 15:43:12,28.8,cash
biz_0493-001456,2024-12-12 15:45:55,29.22,mada
biz_0493-001465,2024-12-12 15:49:38,24.06,mada
biz_0493-001477,2024-12-12 16:05:56,36.08,mada
biz_0493-001469,2024-12-12 16:33:52,26.54,mada
biz_0493-001484,2024-12-12 16:46:35,49.35,cash
biz_0493-001478,2024-12-12 16:57:12,42.5,mada
biz_0493-001476,2024-12-12 17:40:54,33.28,mada
biz_0493-001474,2024-12-12 17:42:41,25.28,mada
biz_0493-001458,2024-12-12 18:16:18,18.34,mada
biz_0493-001464,2024-12-12 20:49:23,28.29,cash
biz_0493-001494,2024-12-13 08:40:03,34.53,credit_card
biz_0493-001506,2024-12-13 09:09:16,16.85,mada
biz_0493-001511,2024-12-13 09:38:59,41.91,mada
biz_0493-001504,2024-12-13 09:40:39,16.6,cash
biz_0493-001509,2024-12-13 09:46:28,46.89,credit_card
biz_0493-001514,2024-12-13 10:05:20,33.85,mada
biz_0493-001501,2024-12-13 10:24:16,15.52,credit_card
biz_0493-001515,2024-12-13 10:37:55,26.23,cash
biz_0493-001513,2024-12-13 11:25:31,27.14,cash
biz_0493-001503,2024-12-13 11:56:50,18.68,mada
biz_0493-001499,2024-12-13 12:03:48,14.06,cash
biz_0493-001496,2024-12-13 12:21:23,22.68,mada
biz_0493-001495,2024-12-13 12:26:49,16.89,mada
biz_0493-001489,2024-12-13 12:44:58,18.27,mada
biz_0493-001508,2024-12-13 12:50:36,17.71,mada
biz_0493-001507,2024-12-13 12:54:01,27.61,cash
biz_0493-001497,2024-12-13 13:28:50,26.48,mada
biz_0493-001492,2024-12-13 13:56:54,32.03,mada
biz_0493-001505,2024-12-13 14:20:41,26.62,cash
biz_0493-001493,2024-12-13 15:01:27,26.75,cash
biz_0493-001491,2024-12-13 15:10:36,26.32,mada
biz_0493-001516,2024-12-13 15:17:30,19.97,cash
biz_0493-001487,2024-12-13 16:03:13,24.61,mada
biz_0493-001502,2024-12-13 16:32:11,37.16,cash
biz_0493-001498,2024-12-13 16:40:28,23.89,cash
biz_0493-001510,2024-12-13 17:04:54,41.99,mada
biz_0493-001488,2024-12-13 17:29:00,36.69,mada
biz_0493-001500,2024-12-13 17:39:28,29.77,cash
biz_0493-001512,2024-12-13 17:41:10,19.11,mada
biz_0493-001490,2024-12-13 17:51:07,45.27,cash
biz_0493-001524,2024-12-14 08:58:10,30.31,mada
biz_0493-001523,2024-12-14 09:31:56,41.2,cash
biz_0493-001528,2024-12-14 09:47:29,39.36,mada
biz_0493-001536,2024-12-14 11:16:04,31.34,mada
biz_0493-001517,2024-12-14 11:20:41,18.47,cash
biz_0493-001531,2024-12-14 11:28:24,22.86,cash
biz_0493-001541,2024-12-14 11:37:25,26.98,mada
biz_0493-001520,2024-12-14 11:46:47,24.48,mada
biz_0493-001519,2024-12-14 12:17:04,19.98,mada
biz_0493-001535,2024-12-14 12:27:10,34.62,cash
biz_0493-001539,2024-12-14 12:43:52,46.16,mada
biz_0493-001542,2024-12-14 12:59:47,20.39,cash
biz_0493-001522,2024-12-14 14:28:14,28.27,mada
biz_0493-001534,2024-12-14 14:35:24,28.64,mada
biz_0493-001543,2024-12-14 14:42:28,28.23,mada
biz_0493-001529,2024-12-14 14:47:16,19.12,cash
biz_0493-001527,2024-12-14 14:48:40,9.54,mada
biz_0493-001526,2024-12-14 14:52:45,13.45,mada
biz_0493-001521,2024-12-14 14:55:15,63.7,mada
biz_0493-001525,2024-12-14 15:37:48,22.53,cash
biz_0493-001518,2024-12-14 16:41:40,44.92,mada
biz_0493-001532,2024-12-14 17:21:02,18.23,credit_card
biz_0493-001537,2024-12-14 17:57:28,27.32,credit_card
biz_0493-001540,2024-12-14 18:32:26,19.14,mada
biz_0493-001530,2024-12-14 18:33:29,23.88,cash
biz_0493-001533,2024-12-14 18:43:44,23.45,credit_card
biz_0493-001538,2024-12-14 19:31:55,18.39,cash
biz_0493-001568,2024-12-15 08:00:38,42.42,mada
biz_0493-001566,2024-12-15 08:28:23,35.3,credit_card
biz_0493-001547,2024-12-15 09:03:28,29.64,cash
biz_0493-001556,2024-12-15 09:43:18,20.55,credit_card
biz_0493-001550,2024-12-15 09:51:15,52.32,mada
biz_0493-001549,2024-12-15 10:21:24,35.31,credit_card
biz_0493-001570,2024-12-15 10:28:46,45.37,mada
biz_0493-001545,2024-12-15 10:46:54,26.36,mada
biz_0493-001546,2024-12-15 11:01:43,17.17,mada
biz_0493-001553,2024-12-15 11:05:11,33.26,cash
biz_0493-001571,2024-12-15 11:24:29,27.6,mada
biz_0493-001564,2024-12-15 11:29:47,27.05,mada
biz_0493-001567,2024-12-15 11:50:26,25.06,mada
biz_0493-001562,2024-12-15 11:58:38,21.1,credit_card
biz_0493-001561,2024-12-15 12:37:53,16.86,mada
biz_0493-001563,2024-12-15 12:58:32,30.03,cash
biz_0493-001558,2024-12-15 13:03:34,32.09,credit_card
biz_0493-001544,2024-12-15 14:07:15,48.32,cash
biz_0493-001555,2024-12-15 15:12:06,28.88,credit_card
biz_0493-001560,2024-12-15 15:36:54,37.25,cash
biz_0493-001572,2024-12-15 16:08:04,19.03,mada
biz_0493-001569,2024-12-15 16:12:34,19.3,cash
biz_0493-001557,2024-12-15 16:23:43,37.25,credit_card
biz_0493-001565,2024-12-15 17:25:46,42.31,mada
biz_0493-001548,2024-12-15 17:31:19,23.51,cash
biz_0493-001554,2024-12-15 17:38:20,25.24,mada
biz_0493-001551,2024-12-15 18:13:48,23.05,cash
biz_0493-001552,2024-12-15 18:47:41,33.37,mada
biz_0493-001559,2024-12-15 19:13:14,40.56,cash
biz_0493-001579,2024-12-16 08:49:16,24.5,credit_card
biz_0493-001598,2024-12-16 09:04:52,81.31,credit_card
biz_0493-001588,2024-12-16 09:46:16,55.12,cash
biz_0493-001596,2024-12-16 10:15:25,28.87,cash
biz_0493-001587,2024-12-16 10:45:31,43.59,mada
biz_0493-001584,2024-12-16 11:38:05,22.28,mada
biz_0493-001589,2024-12-16 12:07:03,42.28,mada
biz_0493-001592,2024-12-16 12:24:39,26.84,cash
biz_0493-001577,2024-12-16 12:35:25,27.69,mada
biz_0493-001580,2024-12-16 12:40:29,36.92,cash
biz_0493-001591,2024-12-16 12:57:23,38.51,cash
biz_0493-001599,2024-12-16 14:28:25,52.21,mada
biz_0493-001581,2024-12-16 14:34:09,28.58,cash
biz_0493-001578,2024-12-16 14:38:00,21.4,cash
biz_0493-001582,2024-12-16 14:49:59,16.07,mada
biz_0493-001576,2024-12-16 15:09:59,26.05,mada
biz_0493-001593,2024-12-16 16:24:06,18.73,cash
biz_0493-001601,2024-12-16 17:07:58,35.99,mada
biz_0493-001583,2024-12-16 17:11:44,37.96,credit_card
biz_0493-001585,2024-12-16 17:23:15,39.21,mada
biz_0493-001600,2024-12-16 17:29:04,18.71,cash
biz_0493-001574,2024-12-16 17:38:41,29.43,mada
biz_0493-001594,2024-12-16 17:39:49,21.99,mada
biz_0493-001586,2024-12-16 18:48:59,39.55,mada
biz_0493-001590,2024-12-16 19:07:53,23.0,credit_card
biz_0493-001595,2024-12-16 19:38:44,60.18,cash
biz_0493-001573,2024-12-16 19:41:39,21.64,mada
biz_0493-001597,2024-12-16 19:48:20,18.39,mada
biz_0493-001575,2024-12-16 20:29:31,29.9,credit_card
biz_0493-001610,2024-12-17 08:55:15,19.49,cash
biz_0493-001622,2024-12-17 09:09:00,26.78,mada
biz_0493-001604,2024-12-17 11:10:32,22.08,cash
biz_0493-001608,2024-12-17 12:15:54,40.67,mada
biz_0493-001611,2024-12-17 12:51:40,35.82,cash
biz_0493-001619,2024-12-17 13:12:57,17.08,credit_card
biz_0493-001607,2024-12-17 13:15:00,22.79,mada
biz_0493-001617,2024-12-17 13:29:40,39.36,mada
biz_0493-001621,2024-12-17 13:51:10,19.49,mada
biz_0493-001613,2024-12-17 13:56:25,31.4,mada
biz_0493-001615,2024-12-17 14:46:21,16.78,cash
biz_0493-001609,2024-12-17 15:42:56,29.76,mada
biz_0493-001620,2024-12-17 16:02:23,16.28,cash
biz_0493-001612,2024-12-17 16:21:35,21.07,cash
biz_0493-001618,2024-12-17 16:34:36,18.94,cash
biz_0493-001614,2024-12-17 17:11:05,43.06,mada
biz_0493-001625,2024-12-17 17:28:57,37.36,mada
biz_0493-001624,2024-12-17 17:29:16,8.64,mada
biz_0493-001616,2024-12-17 17:40:21,29.98,cash
biz_0493-001623,2024-12-17 17:59:50,33.19,credit_card
biz_0493-001605,2024-12-17 18:04:24,18.17,cash
biz_0493-001603,2024-12-17 18:41:59,28.84,cash
biz_0493-001626,2024-12-17 18:54:00,38.23,mada
biz_0493-001606,2024-12-17 19:37:50,21.69,mada
biz_0493-001602,2024-12-17 19:59:16,18.82,mada
biz_0493-001654,2024-12-19 08:16:44,18.36,mada
biz_0493-001630,2024-12-19 08:39:52,33.03,credit_card
biz_0493-001641,2024-12-19 09:04:15,21.48,cash
biz_0493-001636,2024-12-19 09:22:50,22.9,mada
biz_0493-001629,2024-12-19 09:43:30,46.14,cash
biz_0493-001643,2024-12-19 09:50:04,23.18,mada
biz_0493-001650,2024-12-19 10:27:22,53.04,mada
biz_0493-001637,2024-12-19 10:31:13,13.64,mada
biz_0493-001648,2024-12-19 10:34:43,17.98,mada
biz_0493-001652,2024-12-19 10:52:59,10.86,mada
biz_0493-001627,2024-12-19 11:07:22,26.61,mada
biz_0493-001628,2024-12-19 11:16:52,28.09,mada
biz_0493-001644,2024-12-19 11:20:01,19.91,mada
biz_0493-001631,2024-12-19 12:13:29,25.99,mada
biz_0493-001651,2024-12-19 12:22:51,30.53,cash
biz_0493-001653,2024-12-19 12:35:50,17.11,cash
biz_0493-001647,2024-12-19 13:30:37,39.1,credit_card
biz_0493-001638,2024-12-19 14:05:06,47.1,mada
biz_0493-001640,2024-12-19 14:22:20,40.58,mada
biz_0493-001642,2024-12-19 15:27:03,22.15,mada
biz_0493-001635,2024-12-19 15:49:43,31.38,credit_card
biz_0493-001633,2024-12-19 15:57:54,20.66,mada
biz_0493-001645,2024-12-19 15:58:33,22.89,cash
biz_0493-001632,2024-12-19 16:51:19,24.69,mada
biz_0493-001639,2024-12-19 17:55:11,7.26,credit_card
biz_0493-001634,2024-12-19 17:59:04,34.48,mada
biz_0493-001646,2024-12-19 18:41:19,20.35,cash
biz_0493-001649,2024-12-19 19:43:01,14.75,mada
biz_0493-001661,2024-12-20 10:42:26,16.53,credit_card
biz_0493-001665,2024-12-20 10:52:59,30.25,cash
biz_0493-001656,2024-12-20 11:11:25,31.74,mada
biz_0493-001676,2024-12-20 11:35:37,20.12,cash
biz_0493-001657,2024-12-20 11:42:42,23.69,cash
biz_0493-001668,2024-12-20 11:59:51,21.53,mada
biz_0493-001677,2024-12-20 12:12:20,35.51,mada
biz_0493-001664,2024-12-20 12:12:47,29.16,cash
biz_0493-001660,2024-12-20 12:16:24,26.57,credit_card
biz_0493-001671,2024-12-20 12:29:33,19.59,mada
biz_0493-001659,2024-12-20 12:57:04,24.44,cash
biz_0493-001662,2024-12-20 13:17:05,33.31,mada
biz_0493-001663,2024-12-20 13:23:41,77.09,credit_card
biz_0493-001674,2024-12-20 13:29:51,20.42,mada
biz_0493-001667,2024-12-20 15:06:18,20.42,credit_card
biz_0493-001673,2024-12-20 16:13:11,22.01,mada
biz_0493-001672,2024-12-20 16:47:43,20.18,credit_card
biz_0493-001666,2024-12-20 17:28:20,33.74,mada
biz_0493-001675,2024-12-20 18:00:11,14.19,mada
biz_0493-001669,2024-12-20 18:23:12,22.43,cash
biz_0493-001655,2024-12-20 18:32:10,19.84,credit_card
biz_0493-001658,2024-12-20 19:05:06,18.46,mada
biz_0493-001670,2024-12-20 19:11:20,38.6,mada
biz_0493-001702,2024-12-21 08:56:22,44.32,mada
biz_0493-001681,2024-12-21 10:23:58,52.0,mada
biz_0493-001679,2024-12-21 10:24:55,25.52,mada
biz_0493-001696,2024-12-21 10:35:17,35.67,cash
biz_0493-001693,2024-12-21 11:02:10,29.6,cash
biz_0493-001686,2024-12-21 11:04:54,18.69,credit_card
biz_0493-001704,2024-12-21 11:12:20,28.53,mada
biz_0493-001684,2024-12-21 11:26:38,12.74,mada
biz_0493-001685,2024-12-21 11:54:01,35.92,cash
biz_0493-001698,2024-12-21 12:30:21,33.79,cash
biz_0493-001691,2024-12-21 12:41:10,17.15,mada
biz_0493-001692,2024-12-21 14:11:18,12.86,cash
biz_0493-001687,2024-12-21 14:33:10,15.86,cash
biz_0493-001697,2024-12-21 15:16:01,29.49,cash
biz_0493-001699,2024-12-21 15:19:30,26.52,cash
biz_0493-001701,2024-12-21 16:03:41,17.02,cash
biz_0493-001680,2024-12-21 16:16:28,16.34,mada
biz_0493-001682,2024-12-21 16:19:12,27.77,cash
biz_0493-001688,2024-12-21 16:36:46,29.9,mada
biz_0493-001683,2024-12-21 16:46:26,45.36,cash
biz_0493-001689,2024-12-21 16:50:55,25.39,mada
biz_0493-001690,2024-12-21 17:08:47,57.2,cash
biz_0493-001703,2024-12-21 17:25:58,39.19,mada
biz_0493-001695,2024-12-21 18:00:35,28.64,credit_card
biz_0493-001700,2024-12-21 18:03:31,45.14,credit_card
biz_0493-001678,2024-12-21 18:09:27,18.81,mada
biz_0493-001694,2024-12-21 19:35:22,26.75,mada
biz_0493-001731,2024-12-22 10:42:36,12.86,cash
biz_0493-001725,2024-12-22 10:47:39,61.8,mada
biz_0493-001722,2024-12-22 10:54:02,41.41,mada
biz_0493-001728,2024-12-22 11:15:05,9.92,cash
biz_0493-001718,2024-12-22 11:30:06,17.97,cash
biz_0493-001710,2024-12-22 11:30:31,12.52,cash
biz_0493-001730,2024-12-22 11:30:53,19.78,mada
biz_0493-001713,2024-12-22 11:59:39,19.81,credit_card
biz_0493-001729,2024-12-22 12:31:41,47.78,mada
biz_0493-001721,2024-12-22 12:36:53,25.22,cash
biz_0493-001724,2024-12-22 13:06:16,36.54,cash
biz_0493-001712,2024-12-22 14:50:41,13.72,mada
biz_0493-001726,2024-12-22 15:24:18,48.22,mada
biz_0493-001707,2024-12-22 15:34:12,35.87,credit_card
biz_0493-001719,2024-12-22 16:02:24,25.56,cash
biz_0493-001716,2024-12-22 16:33:49,56.57,credit_card
biz_0493-001714,2024-12-22 16:40:27,23.86,credit_card
biz_0493-001723,2024-12-22 16:51:49,17.85,mada
biz_0493-001715,2024-12-22 17:39:28,31.14,mada
biz_0493-001706,2024-12-22 18:03:56,54.03,mada
biz_0493-001711,2024-12-22 18:13:28,29.95,cash
biz_0493-001708,2024-12-22 18:22:38,29.21,credit_card
biz_0493-001720,2024-12-22 18:33:23,19.45,cash
biz_0493-001727,2024-12-22 18:53:06,25.11,cash
biz_0493-001717,2024-12-22 19:14:24,49.95,cash
biz_0493-001705,2024-12-22 19:49:45,28.19,cash
biz_0493-001709,2024-12-22 20:57:21,23.85,mada
biz_0493-001736,2024-12-23 10:37:40,28.22,credit_card
biz_0493-001734,2024-12-23 11:04:46,10.79,cash
biz_0493-001748,2024-12-23 11:21:21,26.09,mada
biz_0493-001747,2024-12-23 11:37:58,28.4,credit_card
biz_0493-001733,2024-12-23 11:39:50,40.81,mada
biz_0493-001741,2024-12-23 11:43:13,22.71,cash
biz_0493-001744,2024-12-23 13:11:24,21.1,cash
biz_0493-001757,2024-12-23 13:15:47,15.96,credit_card
biz_0493-001749,2024-12-23 14:07:57,28.84,cash
biz_0493-001750,2024-12-23 14:39:33,21.96,cash
biz_0493-001735,2024-12-23 15:02:56,33.33,mada
biz_0493-001754,2024-12-23 15:38:26,15.96,cash
biz_0493-001752,2024-12-23 15:55:09,26.2,mada
biz_0493-001743,2024-12-23 16:00:39,40.89,cash
biz_0493-001742,2024-12-23 16:09:01,40.19,mada
biz_0493-001753,2024-12-23 17:03:27,7.63,mada
biz_0493-001738,2024-12-23 17:04:07,26.72,credit_card
biz_0493-001751,2024-12-23 17:14:09,33.92,cash
biz_0493-001732,2024-12-23 18:18:56,30.23,cash
biz_0493-001739,2024-12-23 18:47:57,18.51,cash
biz_0493-001756,2024-12-23 18:57:22,24.9,mada
biz_0493-001758,2024-12-23 18:58:16,22.76,mada
biz_0493-001755,2024-12-23 19:15:37,14.97,mada
biz_0493-001746,2024-12-23 19:35:18,29.99,mada
biz_0493-001740,2024-12-23 19:36:51,35.04,cash
biz_0493-001737,2024-12-23 20:01:10,24.36,cash
biz_0493-001745,2024-12-23 20:02:20,52.94,credit_card
biz_0493-001776,2024-12-24 09:38:25,32.99,credit_card
biz_0493-001783,2024-12-24 10:16:52,27.01,mada
biz_0493-001759,2024-12-24 10:18:38,21.13,cash
biz_0493-001774,2024-12-24 10:55:20,16.57,cash
biz_0493-001787,2024-12-24 11:17:28,16.79,mada
biz_0493-001775,2024-12-24 11:35:05,32.04,credit_card
biz_0493-001762,2024-12-24 11:40:32,20.65,mada
biz_0493-001771,2024-12-24 11:45:37,16.9,mada
biz_0493-001784,2024-12-24 11:54:25,40.87,cash
biz_0493-001767,2024-12-24 12:18:26,20.01,cash
biz_0493-001789,2024-12-24 12:47:01,14.99,mada
biz_0493-001763,2024-12-24 13:57:56,23.61,cash
biz_0493-001785,2024-12-24 14:14:44,15.74,credit_card
biz_0493-001778,2024-12-24 14:52:51,17.98,mada
biz_0493-001773,2024-12-24 14:59:08,31.27,cash
biz_0493-001788,2024-12-24 15:14:55,34.83,mada
biz_0493-001769,2024-12-24 15:32:08,25.55,mada
biz_0493-001760,2024-12-24 15:44:50,13.51,mada
biz_0493-001766,2024-12-24 15:51:19,25.35,mada
biz_0493-001781,2024-12-24 16:14:11,16.28,mada
biz_0493-001772,2024-12-24 16:17:11,32.56,mada
biz_0493-001779,2024-12-24 16:19:13,40.94,cash
biz_0493-001782,2024-12-24 16:24:04,18.47,cash
biz_0493-001777,2024-12-24 17:11:31,31.32,mada
biz_0493-001770,2024-12-24 17:17:30,19.61,cash
biz_0493-001764,2024-12-24 17:29:03,27.39,cash
biz_0493-001761,2024-12-24 17:43:00,24.08,credit_card
biz_0493-001768,2024-12-24 17:57:02,17.44,cash
biz_0493-001780,2024-12-24 18:41:11,17.8,cash
biz_0493-001765,2024-12-24 19:16:35,26.18,mada
biz_0493-001786,2024-12-24 20:13:44,22.65,mada
biz_0493-001795,2024-12-25 07:53:01,23.11,credit_card
biz_0493-001805,2024-12-25 08:07:52,23.48,cash
biz_0493-001796,2024-12-25 09:12:25,27.14,cash
biz_0493-001799,2024-12-25 10:05:33,22.92,mada
biz_0493-001800,2024-12-25 10:07:11,27.0,cash
biz_0493-001793,2024-12-25 11:45:34,13.89,cash
biz_0493-001798,2024-12-25 11:59:24,21.52,mada
biz_0493-001792,2024-12-25 12:12:34,19.61,cash
biz_0493-001791,2024-12-25 12:51:26,38.66,mada
biz_0493-001804,2024-12-25 13:16:23,30.46,mada
biz_0493-001803,2024-12-25 14:35:38,59.88,cash
biz_0493-001797,2024-12-25 14:46:22,60.72,cash
biz_0493-001802,2024-12-25 15:17:08,19.05,mada
biz_0493-001790,2024-12-25 15:34:59,31.38,mada
biz_0493-001794,2024-12-25 16:19:13,20.95,cash
biz_0493-001806,2024-12-25 16:56:51,20.9,mada
biz_0493-001801,2024-12-25 17:12:43,29.55,mada
biz_0493-001812,2024-12-26 08:30:18,16.1,mada
biz_0493-001830,2024-12-26 08:35:58,40.61,mada
biz_0493-001815,2024-12-26 10:06:21,18.68,mada
biz_0493-001826,2024-12-26 10:33:32,47.3,cash
biz_0493-001825,2024-12-26 10:36:17,30.39,cash
biz_0493-001811,2024-12-26 10:56:16,27.68,mada
biz_0493-001819,2024-12-26 11:09:34,22.25,credit_card
biz_0493-001823,2024-12-26 11:45:33,25.64,mada
biz_0493-001810,2024-12-26 11:54:36,17.84,credit_card
biz_0493-001828,2024-12-26 12:25:54,21.9,mada
biz_0493-001817,2024-12-26 12:39:31,23.43,mada
biz_0493-001818,2024-12-26 13:06:39,18.35,mada
biz_0493-001807,2024-12-26 14:41:15,15.19,mada
biz_0493-001813,2024-12-26 14:51:19,41.01,mada
biz_0493-001820,2024-12-26 15:31:01,18.6,cash
biz_0493-001809,2024-12-26 15:33:06,28.17,credit_card
biz_0493-001821,2024-12-26 15:35:21,21.53,cash
biz_0493-001827,2024-12-26 15:49:55,21.13,cash
biz_0493-001816,2024-12-26 16:26:29,25.54,mada
biz_0493-001808,2024-12-26 17:42:09,29.34,cash
biz_0493-001831,2024-12-26 18:28:36,35.02,mada
biz_0493-001829,2024-12-26 18:38:40,25.58,cash
biz_0493-001824,2024-12-26 18:52:07,21.08,credit_card
biz_0493-001822,2024-12-26 19:58:56,33.03,mada
biz_0493-001814,2024-12-26 21:44:27,72.1,mada
biz_0493-001840,2024-12-28 07:25:12,20.42,mada
biz_0493-001835,2024-12-28 10:10:25,23.62,credit_card
biz_0493-001852,2024-12-28 10:40:17,19.72,credit_card
biz_0493-001848,2024-12-28 10:50:43,35.55,cash
biz_0493-001834,2024-12-28 10:54:22,32.74,credit_card
biz_0493-001842,2024-12-28 11:05:16,40.63,mada
biz_0493-001864,2024-12-28 11:20:25,45.55,mada
biz_0493-001837,2024-12-28 11:51:52,17.06,mada
biz_0493-001865,2024-12-28 11:59:35,51.71,cash
biz_0493-001856,2024-12-28 12:06:41,22.77,mada
biz_0493-001860,2024-12-28 12:27:59,18.56,cash
biz_0493-001847,2024-12-28 12:30:05,20.76,mada
biz_0493-001841,2024-12-28 13:51:17,13.11,mada
biz_0493-001858,2024-12-28 13:59:57,21.0,mada
biz_0493-001843,2024-12-28 14:42:17,24.2,mada
biz_0493-001854,2024-12-28 15:03:06,20.79,mada
biz_0493-001846,2024-12-28 15:10:35,37.25,cash
biz_0493-001836,2024-12-28 15:28:34,22.26,credit_card
biz_0493-001849,2024-12-28 15:33:25,23.59,mada
biz_0493-001833,2024-12-28 16:12:23,32.55,mada
biz_0493-001844,2024-12-28 16:13:56,17.72,mada
biz_0493-001855,2024-12-28 16:15:54,23.21,cash
biz_0493-001839,2024-12-28 16:33:24,21.8,mada
biz_0493-001857,2024-12-28 16:50:50,14.39,cash
biz_0493-001859,2024-12-28 17:13:43,33.14,cash
biz_0493-001862,2024-12-28 17:50:17,28.94,mada
biz_0493-001851,2024-12-28 17:53:15,13.6,cash
biz_0493-001853,2024-12-28 17:57:03,21.73,mada
biz_0493-001863,2024-12-28 18:14:38,34.84,mada
biz_0493-001850,2024-12-28 18:38:03,32.02,mada
biz_0493-001866,2024-12-28 18:39:41,17.14,cash
biz_0493-001838,2024-12-28 18:47:58,25.45,cash
biz_0493-001832,2024-12-28 18:48:28,24.16,cash
biz_0493-001861,2024-12-28 20:04:24,64.42,cash
biz_0493-001845,2024-12-28 20:15:53,14.44,cash
biz_0493-001890,2024-12-30 10:41:18,30.7,mada
biz_0493-001886,2024-12-30 10:51:10,32.66,mada
biz_0493-001868,2024-12-30 10:58:30,24.03,mada
biz_0493-001881,2024-12-30 10:59:46,18.45,cash
biz_0493-001873,2024-12-30 12:05:23,49.92,cash
biz_0493-001887,2024-12-30 13:16:26,25.87,mada
biz_0493-001872,2024-12-30 13:29:37,19.35,cash
biz_0493-001883,2024-12-30 13:37:04,33.9,mada
biz_0493-001885,2024-12-30 13:41:41,29.15,cash
biz_0493-001876,2024-12-30 14:47:41,22.02,mada
biz_0493-001884,2024-12-30 15:06:57,31.84,cash
biz_0493-001874,2024-12-30 15:51:23,15.98,mada
biz_0493-001891,2024-12-30 15:52:30,31.3,cash
biz_0493-001880,2024-12-30 16:04:33,19.02,mada
biz_0493-001877,2024-12-30 16:07:46,19.68,cash
biz_0493-001878,2024-12-30 16:18:39,14.27,mada
biz_0493-001879,2024-12-30 16:30:49,18.05,mada
biz_0493-001870,2024-12-30 17:16:21,40.63,mada
biz_0493-001888,2024-12-30 17:16:29,38.63,credit_card
biz_0493-001875,2024-12-30 17:21:14,30.52,mada
biz_0493-001882,2024-12-30 17:28:02,19.98,cash
biz_0493-001871,2024-12-30 17:39:31,18.81,mada
biz_0493-001889,2024-12-30 17:53:28,29.83,mada
biz_0493-001867,2024-12-30 20:08:22,38.74,cash
biz_0493-001869,2024-12-30 21:37:24,28.36,cash
